comments,reaction
돈 없으면 먹지마라 서민들끼리 등쳐먹고 살면 좋냐? 다 어렵게 산다,0
세상에 거지들이 왤케 많을까,0
걱정되시면 사업자 만들고 카드체크기 쓰면 되는데 스트레스 받지마시고 당장 만드시죠,0
개인사업자 신청하고 카드받고 세금내고 장사하세요.0허나 빼고 입금하는 사람들도 양심없지만 붕어빵 장사도 양심없음.,0
양심에 털난 인간들 ㅡㅡ붕어빵 사장님들 은행가서  무료 입금알람오는거 신청하세요  먹튀방지 차원 ~~,0
정부이길 포기한거냐?,0
왜.....?,0
윤석열 효과. 무엇을 상상하든 그 이상! ㅋ,0
와 이번정부 하루하루가 새롭다,0
윤깡통 탄핵에 매우 공감하시는분 따봉눌러보세요,0
본인의 의견은 존중하나 러시아 시민권 받으시면 한국국적은 포기해 주었으면 싶네요. 그냥 러시아 국민으로 사시길 부탁합니다.,0
여기저기 정신 나간 것들이 있어!,0
정신나간거 돌아오지마래라 어디가서 한국인이란 소리 하지마라,0
"한국에서 사고치고 도망간 노미겠지, 미쳤다고 푸틴한테 가냐고!",0
is에 자진입대해서 폭격맞고 죽은한국인도 있었지,0
솔직히 저건 저 빌라에 서식하는 쥐가 틈새로 들어간거같은데ㅋㅋㅋ,0
바쁜아침  프레쉬백 찍찍이 뗄때마다 찍찍이가 너무 세게 붙어잇어서  스트레스받는데  저안에 쥐가 어떻게 들어간담?  신기방기 하구만,0
아...배달후 들간거같은데....,0
이걸 어떻게 사실증명은 하냐.사실 이용자가 sns에 올리는걸 다 믿을순 없지.,0
쿠팡에서 쥐를 배달한게 아니라 주문한 집 계단에 쥐 다니나보네..,0
눌러서 터지면 죽는거 아닌가,0
빈대보고 어느세월에 스팀을 꺼내라고.... 걍 스카치테이프로 양면을 포장?해서 버리면 될 것 같은데;;;,0
스팀다리미 준비한다고 놓치겠다 휴지로 감싸고 짖눌러터트리고 변기에 버리는게 낫지않는가,0
언제 다리미 꺼내서 전기 꼽아 가열시키고 스팀 분사까지 하고 있나... 그때까지 빈대가 가만히 앉아서 기다려주나? ㅋㅋ  참 쓸데없는 정보 제공하려고 애쓴다,0
전기 파리채로 해봤냐? 따딱!,0
대환영이다 국민의힘으로 가서 이상민이 원래 열심히 발의했던 차별금지법 계속 열심히 하길!,0
이상민 조응천 이원욱의원 강력하게  지지한다. 최소  정치인  자격있다.,0
공천한번받아볼라고 전과자한테 붙는거보다 좋게보이네,0
지역구 지지율 꼴찌나오니 탈당한다는거잖아 ㅋㅋ 기사는 똑바로 써야지,0
당원들이 지지한다. 이상민은 용기있게 탈당하라!,0
서울시민한테 받아줄껀지 물어보는게 맞는거 아니냐?ㅋ,0
김포시민이 찬성하면   서울시 김포구 되는겨?      그럼    개성주민이    찬성하면 서울시  개성구냐?    서울 시민들이  반대한다는데    뭔    개   소리여,0
좌파들 여론조사 가짜. 판명 됐네여!!,0
사울시민은 여론조사해보자 ㅋ 어떻게나오나,0
ㅋㅋㅋㅋㅋㅋ아니 떡 줄 놈은 생각안하는데 왜 지들끼리 저러는겨 폭락해서 구라로 어그로 끄는겨?? 걍 김포는 인천보다 멀다,0
"와~ 사실 평소 올바른 인성 아니면 불가능한 일. 누구나 할 수 있는 일이라지만, 누구나 쉽게 또 할 수 있는 일은 결코 아닌 거 같아요. 진짜 대단하신 분입니다! 복 왕창왕창 받으세요!!",0
돌아가신  우리 어머니도 치매로 길을 잃은 적이 있는데 다행히 지구대 도움으로 1시간만에 찾았었다. 여성분의 선행에 갑자기 눈물이 난다. 치매는 결코 남의 일이 아니다.,0
"별거아니라고  생각할수도있지만  별거  아닌 일이  꼭
필요한  사람에게는  큰  감동이예요
너무  따뜻하고  감사한  일입니다
존경스럽네요",0
인정많고 인성고운.김선씨을 보면서  코끝이 찡해지는군요..칭찬받아마땅합니다..,0
감사합니다 천사님,0
성인들 뺨치는 미성년자들 흉악범죄 더이상 방치한다면 이나라 저들에 그야말로 무법천지가 될것이다 이제 촉법이고뭐고 그 죄질에따라 중벌로 처벌해야한다 그것이 이나라 청소년들을 이날의 미래를 지키는 이시대의 절대 정의임을 명심하라,0
있는 집 자식이면 돈으로 때우려할테고 없는 집 자식이면 몸으로 때우겠지..어느쪽도 여자 아이에게는 위로가 안되겠네..저런 것들도 잘 포장해서 성인이 되면 멀쩡한척 하겠네..여자아이만 창살없는 감옥이나 트라우마로 살겠지..그것도 슬프네..제발 저런 범죄자들 청소년으로 포장하지말고 큰 벌치르거나 사회에서 격리시키면 좋겠다. 엄청난 벌을 받아도 여자아이에게는 사건 이후의 행복은 쉽게 오지 못할테니까..,0
"촉법시절에 많은 범죄를 했을거예요.촉법소년을 없애자.소년법을 없애고,중학생,고교생은 일반인과 똑같이 처벌해야 합니다.10대 범죄가 많이 발생합니다.촉법소년 폐기합시다.힘들면 촉법소년 다시 개정합시다.요새 초등학생,중학생,고교생 범죄가 무서워지고,어른 뺨치게 범죄를합니다.촉법소년 8세 미만으로 낮추고,소년법을 폐지해야 될거 같아요.법을 바꿔야 합니다.만6세 초등학교에 입학하면,중학교 2학년이 큰죄를 저질러도,촉법소년이라 훈방하고,그냥 집으로보내요. 말도 안돼요..초등4,5,6학년.중학생이면 알거 다 알았어요.반드시 고쳐야 합니다.",0
또 어리고 반성한다고 다 풀어죽겠지 판새딸내미가 당해봐야 정신차릴듯,0
저런 놈들 모아서 무인도에 격리하자,0
불법 승계는  맞지만  상속세가 너무 막대해서    경영권이  국제 자본에 넘어갈 수 밖에 없었던  사정도  감안 하긴 해야지..     부자도 적당히  부자여야  즐겁지..   청나라 마지막 황제  부의를 보는 듯 하여  애잔하다~,0
"사실상 요즘 사법부 판결하는 것보면, 신뢰가 전혀 1도 가지 않는다. 한국의 최대 기업인 삼성 이재용에 대한 구형은, 정말 그가 죄가 있는지도 의심이 간다. 없는 죄도 만드는 이상한 사법부라서... 삼성 기업이 무슨 동네 북도 아니고 판사들이 권한을 남용하면 누가 심판하나?",0
공산당과 주사파와 무슬림과 설라도와 폐미가 합쳐진 민주당 5년이 이렇게 무섭다 나라를 박살낸다,0
문재앙은 5년 구형 언제 되나...,0
세상 어떤 법이 묵시적청탁이라는 이유로 구속을 시킬까 관심법이랑 뭐가 달라,0
화이팅 윤건희....이것이 너희들의 정부다.,0
카카오나 kt사건같이 기업전산망 문제나는건 봤어도 국가전산망이 이렇게 복구가 인되는건 또 처음이내,0
윤재앙이 하는짓이 그렇지머  머가 달라지냐..무능한놈 뽑은 놈들이 문제지..피해가도 원망하지마라 자업자득이니..,0
전정부탓이오~,0
윤석열 보유국 답다. 얼마나 언론을 통제 했으면 이게 속보가 아니냐!!,0
아이들이 불쌍해,0
"하마스가 이 일의 원흉이다. 그 배후에는 이란과 러시아가 있고, 그 깐부가 북괴다. 이런 북괴에게 종북주사파 정권과 그 세력들이 돈을 바쳐댔다",0
문제는 미국과  서방이 감싸고 있는 이스라엘이란 나라가 없어지면  중동애 영원한 평화가 올것이다 영국과 미국이 옹호 하면서  남의 나라 땅에  침입하여  땅을 빼앗아  나라를 선포하고  그 주변을 전쟁을 통해 넓혀 나가면서  몇 차례 전쟁에서  승리하였으면 팔페스타인 사람들 인권도 존중해 주어야 하는데 가장 악독하게  팔레스타인 인을  대하고 인권이란게 없게 하는 잔혹한  유태인  지구상에서 사라저야 한다,0
한겨레.식 관점....임진왜란때 대 일본제국 해군들을  이순신이  무자비하게    죽임,0
이게 대한민국이 맞나? 글을 읽다 한심해서 머리가 띵해지네 질병청장 파면하고 저딴 아이디어를낸 작자도 파면하라,0
옛말에 초가삼간 다 태운다는게 맞는말이었구나..다리미 30초에 홀랑 다 태우겠다..,0
차라리 집을 태우라고해라,0
ㅋ  ㅋ  ㅋ  다리미 드라이어래 ㆍ ㆍ 바보 삼룡이가 더  수준이 높겠다,0
그렇게 해서 없어지지 않습니다. 어디서 옷에 달고와서 당일 바로 퇴치하는거면 모를까 집안에서 피맛을 봤다면 이미 숨어들어 다시 새벽을 노립니다. 그렇게 걷잡을수없이 늘어났을땐 이미 늦어서 저런방법 안통합니다. 옷은 세탁소에 모두 맡기시고 침구류는 전부 버리세요 천정구가 있다면 올라가 방역하시고 벽틈과 콘센트등도 모두 제거하고 그런식으로 수일간 방역 지속하세요 방역기간중 집에서 잠을 안자는것도 한 방법입니다. 숨어서 안먹고 몇개월버티는놈들이 맞긴합니다만 결국 사람이 없는곳에는 자연스럽게 사라집니다.,0
대구것들이 문제야.,0
윤석렬이하는짓거리가뻔하지경제멍청이 국방얼간이 외교굽실이가 아는게잇어야 나라가굴러가지,0
"아 그거? 문정부탓이야,ㅋ",0
그래도 2찍 왜구 사생아들은 굥을 숭배...,0
괜찮아 이대로 쭉 망하라고 해. 이참에 개돼지들 정리 좀 되야지?,0
문죄앙은. 대통 되자마자 중국에 큰산이라고납작 업드려 인하고. 국내부동산 을 중국놈들에게. 내국인보다 더싼이자로 마구. 퍼주었습니다 뇌무현 놈은. 조선족도 같은 동포라고. 지문 날일을 없애고. 투표권도 쥐어주었지요,0
환향녀는 국가가 그리고 남은국민이 지켜주지 못해놓고 환향녀로몰아 죽음으로내몰은 국가적인비극이다 국가가힘이없으면 지금도미래도 그렇게된다,0
진짜 저 시절은 웃겼지. 무능해서 빼앗겨놓고 살아돌아온 이들을 탓한건. 다르게 말하면 살아온 이들이 자신들의 무능을 상징하는 거니까 더 지우려고 핍박했겠지.,0
"평화를 지키라고  준 권력을  나라팔이, 전쟁부추키는  정치, 어떻합니카,",0
조선은 518년 중국서 갖다 버린 유교 붙잡고 살다가 왕국 멸망 시킨 것이다 피해는 고스란히 백성들이 담당했다,0
극성팬은 아줌마들이 정말 심하긴함. 다퍼나름 주위 아이돌 좋아하는 학생보면 눈쌀찌푸리고 욕하면서 정작 지들은 남편 자식 밥도안차려주고 뛰쳐나감,0
"한강폭우로 침수때  슬퍼할때 자전거 못탄다고 투정하고자동차전용도로 위반한 아이가 많이도 벌었네...
참대단하다",0
"잘관리해라.도둑이 천지다
할아버지가 키운놈",0
생긴 꼬라지보소..,0
껌사우월주의자들은 정치허면 안된다 차등 차이에 당연하다생각하고 정신이 좀 이상한자들이다,0
윤석열이가 갑자기 대선 후보가 되어서 선거판을 엎어 버렸듯이  지금 한동훈이는 내년 총선의 빅 이슈 메이커임.  이 모든게 범죄인들이 똘똘 뭉쳐 있는 민주당의 덕분입니다~~~,0
"한동훈은 대선 직행해야 됨. 안그래도 민주당에서 일부러 사사건건 시비 걸면서 이미지 소모시키는데 굳이 더러운 곳에 발 담가서 더 이미지 깎을 필요 없음. 총선 인재는 여당에서 알아서 찾고, 한동훈은 법무부장관 하면서 범죄자들 잡아넣고 무너져가던 법치 다시 살린 다음 대통령 하면 됨.",0
총선에서 개박살나봐라...그게 바닥 민심이란걸 깨달을 것이다...,0
장인검사는 주가조작.  처남검사는  유부녀 후배 여검사 성폭행.    처형은 국제 입시비리 . 부인은 외제차 세금 몇푼 아끼려고 위장전입. 딸은  불법논문.    대한민국   검사집안은  다   불법과  위선  집구석인가,0
범죄에 나이가 어디있냐,0
ㅋㅋㅋㅋ 이러니 개견이지,0
아들대단하네..그걸살려보냇네 그냥 반은 죽여놓지...,0
"현행범 체포해서 사건처리하기 귀찮았냐? 중요범인 체포.구속시키는게 경찰일인데 일하기 싫으면 명퇴해라.불구속상태에서 재판받고 처벌은 받겠지만, 불구속상태에서 피해자가 떠안을 불안감은 어떻게 할거니?
아무리 생각해도 업무처리 간편하게 하기위해 저렇게  처리한거같다는 생각이 왜 드는걸까...",0
이게 다 문재인 때 시작한 재판 입니다. 때려 죽일 뭉개버린 이죠!,0
이재용 회장님 나라경제 살리는 회장님  열심히  일 하시게  좀 무죄주시면 안될까요 꼭 선처해 주세요 이재용 회장님 힘 내세요,0
그만 괴롭히고 경영에 집중하게 합시다. 징하게 오래 괴롭히네요. 기업이 힘들면 나라가 망해갑니다,0
정권이 바뀌어도 똑같이대하는구나! 뭘 얼마나 더 뜯을려고들이러나.,0
꼽으면 한국나가라 재용아 불쌍한척 하지말고,0
그러다 불난다,0
집을 태우라고해라,0
다리미찾고 드라이기찾고 할시간에 빈대가 나죽여줍쇼하고 그자리에 잘도있겠다 그냥 잡으면되지ㅋㅋ,0
손톱으로. 문질러 손세척,0
"기자--아 님아.
 밥은 먹고 사니?",0
정작 큰죄 저지른 재명 제인  안잡는지 못잡는지  하고는  국가와 기업발전에  큰 일하는 이재용을 못잡아먹어 안달하는 너희는 대체 누구냐  김명수 문재인이 꽂아넣은 쓰레기 좌익 판검사들 여전히.  어이없다,0
상속세 좀 어케해라.  세계에도 없는 과한 상속세 땜에 엄한 사람들 전과자 만들고 경영에 지장주니 기업 다 공중분해 시키지 말고. ..,0
애국 기업 삼성이다 제발좀 그만 건드려라....공짜로 국개의원을 승계한 의겸이는? 편법으로 국개의원을 물려 받다시피한 재명이는? 이래서 고 정주영 회장이 정치를 하려 했던거 아니냐? 정치하는 놈들한테 겁박받는게 신물이 나서,0
그만좀 괴롭혀라.판새시스템 전부 바꿔라,0
재벌 못 잡아먹어 안달이 났군.. 선거다가오니 정의로운척 해보는건가? 국힘지지자들은 문정부에서 재벌 탄압이라고 거품 물더니 이 사안은 어떻게 평가하는지 궁금하다. 뇌는 탑재되어 있겠지?,0
저기서 또 저표정질 하네~~,0
시진핑과 회담은 무슨. .진핑이 저 넘은 한국이 지들 속국으로 생각하는 넘임...문가와 민주당은 저 속국이란 말 할때 아무 말도 않한 역적들임...,0
악수한 것이 뉴스 기사. 연예인도 아니고. 어찌 나라 꼴이 이모양인지....,0
표정이 정말 ㅎㅎ,0
"한중 정상회담 성사를 기원하며, 양국의 발전을 지지합니다....",0
나는 아직도 이해가 안되.. 이게 왜 돈이야?,0
항상 이런거 나오면  얼마후에 폭락 하더만~~,0
비트코인 도박타령하는 사람들은 현재 시총 920조 인건 알려나 나중에 비트코인 1억 되면 내 물량 좀사줘요 그 때는 이해가 갈듯,0
원래의 가격인 0원까지 가즈아,0
이해의  문제가 아닙니다.공부합시다,0
임영웅 광주 콘서트 꼭 가고 싶었는데 실패!성공한 사람들 많이 즐기고 오세요,0
임영웅  최강스타의 면모를 보여주는 티켓팅,0
임영웅   전국투어 콘스트 전지역 전석 매진역시 국민가수  언제나빛나는 내일 을 응원합니다,0
임영웅 독보적인 넘사벽아티스트 전국투어콘서트 전석매진,0
정말 가고싶었는데 접속도 어렵네요,0
"김주현 김소영 금융위와 기관 카르텔들이 공매도 사기 시스템 유지하려고 수작부리네.... 공매도 90일 이후 무조건 상환, 시장조성자 폐지, 공매도 전산화.. 위반하면 매매금액의 10배 과징금 부과..",0
증권사와 공매도 기관과 결탁해서 공매도 금지를 부정적으로 묘사하는 기사를 올리는 기자들도 조사해야합니다.,0
도둑놈 같은 외국계와 거기에 동참하는 국내 공매세력은 내보내는게 답이다! 바보냐? 집안에 도둑을 집사로 두냐!,0
외인이나 기관들도 롱에 건 자금이 훨씬 많은데 공매도 때문에 빠져나간다는건 개소리지 ㅋㅋㅋㅋ,0
관습에 의해 개인 투자자 파산시키는 증시를 공략한 건 정말 사이다 정치였다. 우리도 미국 증시처럼 우상향하는 제도와 환경을 만든다면 이번 정권의 큰 업적이 될 것이다.,0
한동훈 장관은 외국인 근로자가 검증이 되면 숙련기능인력 비자를 취득할 수 있게 하는 정책 현장을 살폈다고 기사 본문에도 나와있어요 정치병자들아;;; 무슨 일하러 간 것도 사사건건 시비임 진짜 피곤하다,0
"""제가 추진하는 외국인 정책은 외국인의 인권이나 세계평화나 인도주의를 위한 것이 아닙니다 (외국인근로자를 고용하는) 우리 국민이 잘 살고 대한민국이 도움이 되는 정책을 하자는 겁니다"" - 국익을 위해 일하는 찐공직자 한동훈 장관님 응원합니다 👍",0
그냥 외국인정책 던져놓고 마는게 아니라 현장목소리 듣기위해서 노력하는게 보기좋음,0
대구가 한동훈 인기에 난리났던데요,0
열심히 일하는 한동훈 장관님 항상 응원합니다,0
에혀 국민들에게 가짜뉴스를 퍼뜨리면서 구라질을 해서 속이고 총선에서 이득을 보고 당선됐으니 사과는 너무도 당연하다.,0
10원 한푼도 남한테 피해준적없다?  거짓말을 입에 달고사는 집구석,0
윤석열 탄핵,0
"그래도 딸래미하고 사위는 욜시미 외국 나들이 댕긴다ᆢ사위란게 사과 한 마디 읎으요
10원 한 장 이득본 것 없다라는 말 어케 해봐ᆢ탄핵 내지는 허위사실 공표죄 아녀?  탄학 가야지",0
범죄행각은 가족공동체로 윤도 건희도 모두 동일죄 적용해야지ᆢ 만약 사위가 없었다면 저런 위조 문서를 법원까지 제출 했겠나? 전부 윤의 권력 힘과 사전조율에 이뤄진 결과로 은순의 1년 징역도 재수사하고 윤 건희도 동싲수사하는것이 자유민주주의딘,0
쉽지않지만 <<< 이건뭔 개소리냐 ;;; 진짜 무능정부,0
저녁뉴스속보..북한이 해킹한 흔적발견이라 할듯..에휴..,0
정보화 예산 줄이고 다 통합하고. 결국 현장 업체만 죽는다.,0
놰 석렬 조작당 알바들이 조용하네.,0
잡밥에만 신경쓰니  글치   무능무능  지겹다,0
"비명계는 뭘 바꿔야 한다는 거냐 니들은 원래 이재명을 싫어하잔아 결국 이재명을 바꿔야 한다는 말인데 차라리 니들이 나가라 니들은 민주당내에서 기득권이고 권력이다 
니들이 국회에서 한게 뭔냐 당의 분열만 만든 인간들 
이재명이 없는 민주당은 지지할 명분이 없다 
비명계 의원들 솔직히 니들이나 국힘당 의원이나 뭔 차이냐",0
아니 이미 이재명이 성남시장 경기도지사 거친거 자체가 험지였는데 뭔 맨날천날 험지가래? 국회의원들 셩선없이 단수공천 받으면서 n선 해먹을때 이재명은 민주당이 당선된적 없는 험지에서 경선해서 공천받아 당선된거임 심지어 경기도지사도 바로 전임이 국힘당이여서 이재명이 일잘해서 밭갈이 한건데ㅋㅋㅋㅋㅋ,0
비명계는 무슨 ㅋㅋㅋ 그냥  가결 오적임 매국노,0
저도 그렇게 생각합니다 당대표한테 억지 그만부리시고 총선을 진두지휘 할수 있도록 해주는게 대표와 민주당을 위하는것이다,0
비명계 = 친국민의 힘! = 친윤,0
기성 선생들 때문에 요즘 선생님들이 욕봅니다. 제대로 처벌받길.,0
서초구라서 혐의없음으로 종결될 듯요.,0
손모가지 자르고 풀어줘라. 교직에서는 연금못받게 처리도 꼭 해라,0
기억이 안난다 라고 애기하겠지  판결은 초범이고 반성하니 집유로 나올테고,0
나이처먹고 ㅋㅋ술이 웬수다 술이 웬수야 그지?ㅋㅋ,0
"답은 너무 명확합니다..나눔과 베품은 내가 못쓰는 것을 주는 것이 아니라, 내가 쓰는 것을 남과 나누는 것입니다. 내가 못쓰는 것은 버리시고, 내가 쓰는 것을 할머니께 나눠 주시면 되고, 그게 싫으면 그 할머니가 문을 두드리시면 거절하시면 됩니다....",0
저런 엄마 부끄럽다.,0
할머니께도 어머니가 드실수있는 음식도 좀 드려보시라고.... 어머니도 친정어머니계셨을텐데 이왕에 좀더 큰마음으로 베풀어보심이 어떨지요,0
지 먹기 싫은 음식물을 남에게 주면 안된다. 이런 인간을 소시오패스 또는 싸이코패스라고 부른다.,0
"날짜 지난 음식은 안 됩니다 면역력이 떨어진 노인분들은 치명적일 수 있습니다 착한 마음도 중요하지만 착한 마음속에 담겨 있는 건강한 음식을 드리는 것도 중요합니다....... 대한민국 부모님들 건강하세요 사랑합니다.........♥️....
..",0
광장시장 물가도비싸고 사람도많고 위생도안좋다.또한 카드내밀면 정색한다.외국인 가면 덤탱이도 씌운다.전통시장살리자살리자 하는데 바뀌지않으면 평생 똑같다.일단 광장시장 먹거리 더럽다.매우더럽다.,0
가지 마세요.. 더럽게 비싸고 지저분하고 중국놈 천지 입니다.,0
광장시장 카드 거절하는거 반드시 신고당해야 한다.다 불어서 부서지는 잡채부터 위생부터 하...계좌이체하라고 픽 던져주는 입금계좌적힌 종이...진짜 바뀌어야한다,0
"유튜브나 외국관광객들이 많이 찾아오면 질좋은 음식을 내어주지는 못할망정 가격후려치기는 하지 말아야지 ㅋㅋㅋ 꼭 보면 상인들이 지 복을 지가 찬다니까. 언제까지 저렇게 호황을 누리겠냐만, 또 한편으로 생각해보면 돈까스도 12,000원 넘는데도 많더니만 뭐 한국 음식점들 대부분이 저런 비판에서 자유롭지 못할 것 같다. ㅋㅋㅋㅋㅋㅋㅋㅋㅋ",0
사주는 사람이 있으니 저 가격에도 팔리는거,0
저런 범죄자를 지지해주는 몰상식한 사람들이 넘쳐나니반성을 안하지,0
"국민이 민주적인 방법으로 선출을 했으면 본인 마음에 안들더라도 대통령은 대통령으로 인정을 해야지 고의적으로 ~씨라고 예우 없이 호칭하는 건 자신이 대선 불복, 국가 전복의 의도를 가진 반민주 세력임을 고백하는 것으로 보아야 겠지요?",0
저런인간이 교수라는 직업까지 깆고 이썼다니 무식한 조씨,0
하급은 매번 남탓을 한다. 그래서 평생 하급이다.,0
찌질,0
법원의 솜방망이 처벌이 저런 괴물을 만들어낸다,0
전과가 있는데 경찰을 할 수 있는거임??,0
"해양경찰관을 임용할때,과거 전과기록을 살펴보지 않나요? 공무원,교사 임용할때는 전과기록 조회를 합니다..음란물 유포방지 혐의로 벌금형 받았으면,채용하지 말아야죠..여친을 폭행하고 목졸라 살해한 30대 해양경찰관은 사형을 선고합시다. 범인은 임용 시험 전에 성 관련 범죄를 저질러 처벌받은 전력이 있었던 것으로 확인됐어요.",0
"지금도 그래도 공무원 하길원하는 사람들 많을텐데, 전과기록 있는 응시자가 면접까지 합격했다는게 의문이네요. 무슨 빽이 있었던 겁니까? 이제 범죄자들도 공무원 가능한 세상이군요. 아니면 원래 전과 기록 같은건 보지 않았던 건가요?",0
공짜? 좀 삼성좀 냅둬라..와이리 괴롭히노..,0
공짜승계했다고 징역 때렸다고...판사야...너는 부모돈으로 공짜로 밥먹고 공부하지 않았냐?~ 징역때린놈도 같이 징역 당해야 할듯...본인도 공짜로 부모돈 받고 자랐잖아...판새 좌파세이야...어떻게든 나라 망하게 할려구 별 짓을 다해요,0
이죄명 처럼 부정 비리를 저지른 것도 아니고 3대에 걸처 국가적인 부를 이룩 나라를 부강하게 하였는데 문재앙 정권이 무리하게 기소를 한 것이다.막말로 지가 벌어 지가 재산 지키려한게 무슨 죄가 되나?  그게  죄가 된다면이죄명의 아버지 부관참시하고 손자대까지 벌을 줘도 시원치 않겠다.   이재용의 죄를 사면하라! 불기소 처분이 마땅하다!,0
그만 좀 못살게 굴어라 이 공산주의자들아,0
문재인이 심어논 떡감 들 잘한다수출로 먹고사는 나라 오너 다  없애면 일본 꼴 나지,0
그러니까 북한이 좋으면 그냥 싹 다 월북해 버려라. 남한에서 투정부리지 말고 이 민주당 패거리야.,0
차라리 자기소신대로 공산주의가 좋다고 간것은 이해가 된다 근데 더불어전라당과 지지자들은 북괴외 중국을 찬양하고 종북종중 사대하면서 대한민국에 끝까지 남아서 좌익짓 하지말고 너것들이 원하는 북으로 가서 살아라 여기는 우리가 살아갈께,0
일단 대한민국에서 제정신이 남자라면 절대 안감. 정신병 환자이거나 범죄자거나 둘중하나.,0
"예전에 탈레반에 자원해서 총알받이로 사라진  20살먹은 모지리 있었는데. 이번 모지리는 몇살이나 먹었고 무슨생각으로 러시아군에 입대했는지,? 한 20일쯤 지나면 집에가고싶다고  연락오겠지만. 안타깝네요~~~^^",0
진짜한국인맞을까? 아닐수도 확실하지도않고 그냥 러샤언론일뿐인데,0
북한 해커들 짓인지 수사하라.,0
중공이나 북한쪽에 뚫렸다고 보는것이 합당한듯! 원인도 해결도 못한다면  큰문제가 아닌가싶은데?  국정무력화를  통해 얻고자 하는게 있나도싶고? 내년 총선은 무조건 사전선거 철폐와 수개표로 진행하는것이 옳다고봄!,0
내일 행정안전부 전공무원 정상출근 정삼근무시켜 국민들이 피해 입지않도록 해라,0
이건단순행정마비 아닐거다.분명무슨 조작을 벌이고있을거다,0
북한이 했을끼다...,0
문가넘 및 종북좌파 땜에 나라가 마약 천국일세,0
우리 나라도 마약  하면  무조건 사헝. 무기 징역으로 강력하게  해봐라 그럼 할사람 없다 장난하고 놀고들 있네,0
마약홍보대사 황운하 그늠은?,0
마약사범  어떻게  처리  하는지  중국에게  배워라,0
떼거리 마약  사건의 주범은 사형에 처해 주세요...아님  베트남이나 중국에  위탁  처벌로 사형 집행 다하게 해 둡시다,0
좀..그만 괴롭히세요..그간 충분히 맘고생했습니다.,0
이재용 회장이 징역이면 국개의원들은 사형이다~ 국개의원들 나라에 기여도가 얼마나 된다고 생각함?,0
간첩 문재인 정권때  백신수급 어려워지자 가뒀던 이재용 회장 한명이 해결했지. 일당 백. 쓸모없는 간첩들과 주사파 좌파늠들은 영원히 없어져야함.,0
적당히 좀하자 ..잘못은 했지만..그 누구보다도 나라위해 일선에서  봉사하는 이다,0
삼성과 이재용 회장은  대한민국 경제와 생활의 성실한 리더이다.  국민들은 이 분들과 함께 한다.,0
뭐사 아쉬워서 벤틀리받고명품선물받고  빛 갚아주게하고 동생내외에 조카까지 돈받게 해주었니?,0
재주는 전청조가하고 돈은 니가받아 챙겼다며?그럼 공범이지!!,0
사진 인물변형이 심하네.,0
조국이나 이재명도 뭐가 아쉬워서 사기 쳤겠나? ㅎㅎ,0
사기친 사람이 치고싶어서 쳤것냐 하는거네..사기 방조와 이익취득은 맞는것같네,0
어린 자녀의 도움을 외면한 부모도 처벌해야 합니다,0
부모 쓰레기는 처벌 안하냐,0
하긴 부모가 정상 이였으면 오빠가 저런짓을 할리 없지. 안타깝다. 딸은 누굴 의지하면 사냐.,0
부모와 오빠  영구히 사회와 격리 되어야 한다,0
부모도 같이처벌해야하는게 당연한거 아닌가요,0
"현재 산업은행은 경남권의 지역특채로 인하여 새로운 파벌이 생기고 있고, 전체인력의 2~30%가 지방특정대학의 인력으로 형성되어 가고 있다는 점입니다. 지역 균형발전도 좋지만 특수목적 은행의 기능이 저해되지 않도록 하는 것도 중요한 것 같습니다.  글로벌 경쟁력을 확보하기위해서는 이런 부분도 참고를 해야 할 듯합니다.",0
국가 재정이랑 연계된 은행을 제대로된 검토도 없이 부산으로 보낸다고 하니 직원들이 다 나가지... 결국 피해는 국민들이 본다,0
"충청도랑 강원도에는 지역기반 은행 하나도 없고 금융공기업도 없음. 부산에는 부산은행과 경남은행이 있고, 금융공기업 계속 받아가서 주금공, 거래소, 예탁결제원, 기술보증기금, 주택공사 등등 이미 서울 다음으로 금융공기업 많음... 그런데 충청도 강원도는 다죽어가는데 또 부산?? 부산이기주의는 이제 그만....",0
금융에서 제일 중요한게 전문 인력인데 ㅉㅉ 정치가 금융을 망친다,0
정치판에 매번 흔들리다 본점까지 이전한다 어쩐다 하니 불안해서 다닐수가 있겠나? 인재들 나가면 기관 경쟁력 하락하고 결국 피해는 국민들에게 간다. 포퓰리즘 정책좀 그만둬라!!,0
공로로 선물준다는데 무슨 세금을 뺏어가냐 증여세좀 없애자,0
구회장이 번개장터에 올리고 오지환은 100원에 안전거래해라,0
세금세금~~~복권에도 세금 붙는 나라;;;상속세 폐지해라 나라 망한다,0
기자 똑똑하눜ㅋㅋㅋㅋㅋㅋㅋㅋㅋㅋㅋㅋㅋ 오지환 세금 걱정도 해주고 ㅋㅋㅋㅋ,0
누구를 위한 세금인지 !,0
대구는 개목줄에 빨간리본만 달아도 당선된다,0
윤통이 대통령 하니간 너도나도 정치하고 싶은가보네 ㅉㅉ 깐죽이는 깐죽이로 남지,0
한동훈이 지금까지 뭐했는데~  그리고 대구가 그렇게 만만하냐 쓰래ㄱ들은 왜자꾸 대구오데~  와그라는데,0
탄핵당하기 무서워서 꼼수사퇴하고 방탄출마하려고 와이프 사진뿌리며 언플질햇던거구나 한가발 탄핵에 쫄았네 ㅋㅋ그러니 위법행위하지말고 똑바로 살았어야지?,0
법무부에서 일은 안하고 얼굴마담하는 법무장관 1호. 멍똥후니,0
딴따라가 하는것에 비해 너무 많이 받음.,0
남편들이 죽어라 벌어다준돈 ..트롯트로 다 쏟아붓는 아줌마들..ㅋ,0
이런글 두번다시보기싫다  경기안조아  다힘들다,0
"미쓰트롯 귀염둥이 정동원은 어디가고.,  어색한 인상에 남자가 사진에 올라와있나..  ㅡㅡㅋ  그냥 생긴대로 살지. .머한다고 손을대서..  에휴",0
왜   이런 기사를 쓰는지 ...안궁금하다,0
와 당근으로 만나서 모텔도 가는구나 ㅋㅋㅋㅋㅋㅋ 어메이징,0
중고거래서 만나 술마시고 모텔을 가? 이거 원나잇인데?  ㅡㅡ진짜 비정상이네....,0
썩을 것들.. 그것도 중고거래하냐?,0
중고거래하면서 별짓을 다하네. 세상 말세다,0
서울경제 저질언론답게 쓸데없이 참 디테일하게도 묘사를 하네,0
"혹시 알아!? 머리 식히러 간 군대가 체질일지....길은 여러갈래다. 돌고 돌아 목표 도달할지, 아님 나에게 또 다른 길이 있을지.인생 아무도 모르는 것이다. 철원..;;진짜 춥고 눈 많이 오던데 몸 건강히 무사전역하시길!",0
응원한다 아들아!!!~넌 정말 멋지고 행동에 옮기는 멋진 사람이구나~꼭 행운이 따르는 삶을 살거니까 아들 마음대로 하고 살아~너를 원하는 대학에 가서 좋은곳에 취업하길~~,0
아이고 아들아 ㅜㅜ 화이팅!!,0
어떻게 보면 아주 현명한 선택을 한것일수도. 몸 건강하게 군 생활 잘하고 오셈~~,0
너무  멋지십니다.     진심담긴  뜻 그대로  멋지다는 말을  오랜만에  씁니다.  건강히  잘  있다  나오세요응원합니다.,0
저런 판결이 맞지요. 아무리 10대라도 살인을 저질렀으니 그에 맞는 판결이고. 그래야 피해자 가족들이 그나마 맘의 위로를 받는것입니다. 우리나라 법도 빨리 계정되어야 됩니다. 촉법소년도 폐지되어안합니다,0
초범이고 벌금형이상의 전과도 없으며 죄를 뉘우치는데 종신형을 때렸다고? 우리나라 판사들 뒷목잡고 쓰러지겠네.,0
이런게 선진국다운 판결이다,0
"미국 판사는 국민을 위한 판사, 대한민국 판사는 범죄자를 위한 판사.",0
찢재랑 관상이 비슷하노,0
우리나라 연예계가 눈먼 돈 제일 많은 듯...세무조사 함 가즈아...,0
이러니 죽어라  연습생실이 북적이는 이유 ㅎ  서민들은 그저 죽어라 일해도평생 만져보지도 못한 금액,0
"사회에 필요한 사람들이 돈을 잘벌어야 하는데...연예인 저런 애들 없어도 우리 일상에 크게 문제될 거 없잔아. 소방관, 미화원 등등 이런 사람들이 대우를 받아야 하거늘",0
이런기사좀 내지마라.서민들 기죽는다..,0
국민들이  해준 만큼  기부도   좀 해라!!!!,0
역대 가장 위선적이며 이중적인 정치인이자 사상가 중에 한 명이 바로 당신이라고 나는 생각합니다.,0
네네~ 입시비리 잡범이 씨부리는 소리 잘들었습니다,0
웅동학원 사회 환원 하겠다는 약속은 언제하냐? 니들 입으로 예기한것도 안지키는 인간이 무슨 낮짝으로 자꾸 기어나오는지  너의 감춰진 민낮을 세상에 널리 알려준 문죄인에게 감사해야지,0
파렴치한으로 이사회악에근원으로 손색없을 인간이하의 위선자 이제 여겨운 입으로 또다시 더러운 덩어리에 위장술로 추태를 부리는 추악한놈,0
"조국...법학교수라는 넘이 사법시험에 응시를 안했는지, 여러차례 떨어져서 포기했는지 능력도, 실력도 없는 넘이 정치를 앞세워 교수질을 했는데 이게 다 어이없는 일이다...이넘은 왜 만취자의 교통사고로 죽지도 않나?",0
더러운 정치인들 이득본 후 설거지는 기업총수들 몫. 이게 기업의 현주소다. 이재용과 삼성도 교활한 정치인들 손에 놀아나지 않도록 세련되어야 살아남는다. 허구한 날 감옥 갔다 올이유가 뭔가.,0
"문재앙 한데시달렸는데
또 좀제발 냅둬라
삼성 때문에 대한민국 
겅제를 살린거다
찢재명 문재앙 은 왜
그냥두냐 두사람 먼저 깜빵 보내라 

삼성 이재용 회장님 힘내세요
사랑합니다 
대한민국 쵝오 👍 의 대기업 삼성
무궁무진한 성공 기대해봅니다
아무쪼록 힘내세요 파이팅 입니다",0
그게 수장이지. .응원 합니다.,0
삼성 점 냅둬라 왜케 괴롭히냐 우리나라는 삼성이 다 먹여살렷구만,0
아오 그놈의 징벌적 상속세..,0
약을 무지막지하게 꽂았네 ㅋㅋㅋ,0
약쟁이는 출연시키지 마라. 약으로 키운건 건강한 피지컬이 아니다.,0
여자 10년동안 하루도 안쉬고 식단하면서 운동만하고 자고 반복해도 절대 저몸 안된다 약쟁이 아지메,0
결국 우승자는 약빨이 아니였음,0
진짜 몰입해서 재밌게 봤어요. 쓸데없는 나레이션 리액션 리플레이 안넣는거 넘나 좋았습니다 👍 출연진들이 땀뻘뻘 흘리며 진심으로 하는 모습에서 감동이 오는것 같아요,0
태어나서는 절대 안되는 정권이 생겨서 별 더러운짓을 다하는구나.!!   윤가놈이 친일파라서...   나라 팔아먹을 태세네~~~,0
"이제 정권 바뀌면 육사를 철거하자! 스스로들 친일 무관학교가 자신들의 뿌리라는데...., 임시정부 무관학교를 뿌리로 두는 사관학교 다시 세워야!",0
"일본육사정신과 군사쿠테타 전문기관인 육사는 차라리 해체하는게 좋겠다. 우리영토를 침략하는 적들과 싸우는 장교양성기관이 되어야지 일본군이 침략하면 반자이를 외치며 항복하고  오직 북한공산군만 상대하기 위해 육성하는 장교양성 기관은 필요 없다. 그런 기관은 뉴라이트에서 비용을 대던지 사립으로 전환하고 제3사관학교, 학군,학사장교의 육성과 이들의 장기복무를 위한 복리증진에 국민세금을 지원해야 한다.",0
정권 바뀌면 이 일에 연루된 자들 모두에게 국민의 철퇴.... 역사의 철퇴가 꼭 가해질 것이다.,0
독립운동가들은 독립기념관으로 가는 게 맞습니다.,0
장모대응문건까지 만든 마당에 오히려 봐주기 기소지 저게 양심이란게 없는 정당이네,0
2심판사가 왜 사기는 기소하지 않았냐고 했다지? 무리한 기소? 국민이 뉴스도 보지 않는다고 생각하나?,0
우와!!ㅋㅋㅋ 억울??? 사문서 위변조인데?? 미쳤구나...???ㅋㅋㅋ,0
ㅋㅋ진정한 윤또까의 개돼지들일세!!,0
"다음은 양평 공흥 지구, 서울-양평 고속도록 노선 변경. 검찰과 경찰이 많이 바쁘겠네요.",0
더불어마약당이 별소릴...ㅉ,0
사회주의 프로파간다 공중분해하고 민주당 편파보도에 대해 책임자 처벌과 손해배상 시키자 👍,0
우측통행 하라고 그렇게 교육을 해도  좌측통행하는  조선인민공화국 종북좌파 범죄자 민주당 저질집단,0
"더듬어 성폭행당 또 선동한다...........공갈,협박,조작,횡령,금품 살포,위조,성폭행 트래이드 마크",0
마약은 저짝이 전문 아닌가요 ;;,0
민주당을 탄핵하고싶다,0
법 잘지키고 일 잘하는 장관은 탄핵하고 법 안지키는 사람은 가만히 놔두는게 레전드 ㅋㅋㅋㅋ,0
"총선은 국민들 삶에 중요한 것인 건 분명하다""며 ""오늘 여기서 점검하고자 하는 범죄 피해자를 더 잘 보호하는 것, 인구 위기를 극복하기 위해 외국인 정책과 이민 정책을 잘 정비하는 것이 국민들께 더 중요할 수 있다고",0
"범죄자들, 범죄 지지자들만 부들부들",0
지금  대구계신거 실시간 보고있는데 한장관  인기폭발이네요ㅋ,0
삼성전자 응원합니다. 힘내세요,0
12조 상속세 내고 수만점 문화재급 보물 바치고도 계속 검찰에 쫒겨 다니나 이게 한국식 자본주의 인가. 어쩌라는 건가 경영권 미국 사모펀드에 넘겨주라는 거냐 다른 재벌들이 다 미리 도망가겠다,0
민주당은 한국 망하게 할라고 삼성 조지는거임 ㅎ,0
이재용이 돈이 수십조가 있어봐야 뭐가 즐겁겠냐. 사치?  벤틀리 롤스로이스?  그딴건 졸부 양아치들이나 타는거고. 모든 언론들이 일거수 일투족을 다 보고있는데 백화점가서 명품 사는 행복함이라도 있을까. 눈뜨면 전세계 사업장 돌아다녀야 하는 사람인데.  이재용은 부자의 기준을 넘은 기업인이고 우리는 그를 응원해야한다,0
이재용 힘내세요!,0
개고기를 먹지 않지만 금지 하는건 자유민주주의 국가에서 할일은 아닌거같습니다.,0
법으로 제제할 건 아니지 않나? 그건 개개인의 선택에 맡겨야지.,0
그렇게 강아지를 가족으로 생각한다면 앞으로 강아지 등록제 시행하고 거세도 중단해라. 거세헤서 지들 편하자고 동물 학대 하지말고 그리고 강아지 버리면 유기죄로 처벌도 해라.,0
돼지는? 소는? 닭은?,0
보수 정권 맞나? 개를 먹지 말아야 하는 이유를 좀 알려줘봐?,0
 이 정책은 우리 사회에 필요한 변화를 가져올 것 같아요. 정말 기대됩니다.,1
다양한 의견이 조화를 이루는 모습이 보기 좋습니다. 민주주의의 승리네요.,1
이번 결정은 많은 사람들에게 긍정적인 영향을 미칠 것 같아요. 잘했어요!,1
정치인들이 이렇게 소통하고 협력하는 모습이 더 많아졌으면 좋겠어요.,1
"국민을 생각하는 따뜻한 정치, 앞으로도 계속 기대하겠습니다.",1
정책의 이면까지 세심하게 살피는 모습에 박수를 보냅니다.,1
국민을 위한 노력에 감사드려요. 앞으로도 좋은 활동 기대할게요.,1
이번 법안은 정말 혁신적입니다. 미래가 더욱 기대되네요.,1
정치의 진정한 목적을 실현하는 데 큰 도움이 될 것 같아요.,1
"국민 모두를 위한 정책, 정말 잘했다고 생각합니다.",1
건전한 논의와 토론이 민주주의의 꽃입니다. 좋은 예가 되고 있어요.,1
"소통과 공감을 통한 정치, 정말 시급했던 변화였습니다.",1
정치인들의 이런 모습을 보니 희망이 생깁니다.,1
국민을 위한 진심이 느껴지는 정책이네요. 지지합니다!,1
민주주의가 한 걸음 더 성숙해가는 모습이 보기 좋습니다.,1
서로 다른 의견을 존중하며 발전하는 모습이 인상적이에요.,1
이런 변화가 우리 사회에 긍정적인 에너지를 가져다 줄 것 같아요.,1
정치인들의 진정성 있는 노력에 박수를 보냅니다.,1
국민을 생각하는 따뜻한 마음이 느껴집니다.,1
이런 모습이야말로 진정한 리더십이라고 생각해요.,1
정책의 방향이 바람직합니다. 앞으로의 변화가 기대되네요.,1
"정치가 국민의 목소리에 귀 기울이는 모습, 정말 중요합니다.",1
투명하고 공정한 접근에 감사의 마음을 전합니다.,1
국민의 삶을 개선하기 위한 노력이 보여서 좋습니다.,1
사회적 약자를 위한 정책에 큰 박수를 보냅니다.,1
이번 조치로 많은 사람들이 혜택을 받을 수 있을 것 같아요.,1
"국민을 위한 진심이 담긴 정책, 항상 응원하겠습니다.",1
정치인들의 책임감 있는 행동에 깊은 인상을 받았습니다.,1
이런 긍정적인 변화가 계속되길 바랍니다.,1
정치가 올바른 방향으로 나아가고 있어 기쁩니다.,1
국민의 입장을 고려한 정책이 많아져서 정말 다행입니다.,1
정치인들의 이런 노력이 국민에게 희망을 줍니다.,1
국민 모두의 의견이 반영된 정책에 감사드립니다.,1
"더 나은 사회를 위한 한걸음, 큰 의미가 있어요.",1
"공정하고 투명한 정치, 앞으로도 이어지길 바랍니다.",1
모두가 함께하는 사회를 만들기 위한 노력이 보기 좋습니다.,1
이러한 결정이 더 많아져서 사회가 더욱 발전하길 바랍니다.,1
정치인들의 긍정적인 노력에 감사의 말씀을 전합니다.,1
국민을 생각하는 마음이 느껴져서 좋습니다.,1
"밝은 미래를 위한 준비, 훌륭한 결정이에요.",1
경제 발전에 중요한 한 걸음이 될 것 같아요. 앞으로의 성장이 기대됩니다!,1
이번 정책은 경제적 공정성을 강화하는 좋은 방향으로 나아가고 있네요.,1
지속 가능한 경제 성장을 위한 훌륭한 결정입니다. 밝은 미래가 보여요.,1
중소기업에 대한 지원 확대는 정말 중요한 일이죠. 경제 다양성에 크게 기여할 것 같아요.,1
혁신적인 기업들이 계속 성장하길 바랍니다. 경제에 긍정적인 영향을 미치고 있어요.,1
이번 경제 정책은 국민들에게 큰 도움이 될 것 같습니다. 정말 기대되네요!,1
경제적 안정성을 위한 노력에 감사드립니다. 정부의 노력이 보여요.,1
무역 증진을 위한 이번 조치가 경제에 활력을 불어넣을 것 같습니다.,1
친환경적인 경제 성장은 미래를 위한 중요한 투자입니다. 지속 가능한 발전이 기대돼요.,1
신기술 개발에 대한 지원이 경제에 새로운 동력이 될 것 같습니다.,1
공정한 거래 환경 조성에 힘쓰는 모습이 인상적입니다. 경제가 더욱 투명해지길 바라요.,1
소비자 권익 보호에 중점을 둔 이번 조치는 매우 긍정적인 변화입니다.,1
경제 성장과 함께 사회적 가치도 중시하는 정책이 좋네요.,1
일자리 창출을 위한 노력이 보여서 기쁩니다. 많은 사람들에게 기회가 되길 바랍니다.,1
경제적 균형을 위해 노력하는 모습이 보기 좋습니다. 모두가 혜택을 받길 바라요.,1
안정적인 경제 성장을 위한 정책들이 매우 고무적입니다.,1
창의적인 아이디어가 경제를 이끄는 것을 보니 희망적이네요.,1
다양한 산업의 발전이 경제에 긍정적인 영향을 미치고 있어요.,1
이번 투자 확대가 경제에 새로운 활력소가 되길 기대합니다.,1
경제적 안정성을 위한 정부의 노력에 감사합니다.,1
글로벌 경제에 기여하는 한국의 역할이 자랑스럽습니다.,1
고용 증가와 경제 성장이 동시에 이루어지고 있어서 기쁩니다.,1
정부의 혁신적인 경제 전략이 효과를 보이고 있네요.,1
경제적 평등을 향한 노력이 더 많은 사람들에게 혜택을 줄 것 같아요.,1
소비자의 선택권이 강화되는 것은 매우 긍정적인 현상입니다.,1
지역 경제가 활성화되는 모습이 보기 좋습니다. 지역 공동체에 큰 도움이 되고 있어요.,1
녹색 경제로의 전환을 위한 이번 조치는 매우 시의적절합니다.,1
농촌 경제의 활성화가 기쁩니다. 지역사회에 큰 힘이 될 거예요.,1
지속 가능한 발전을 위한 정책이 기대 이상의 효과를 보여주고 있네요.,1
경제 혁신을 위한 노력이 결과를 보이기 시작했습니다. 멋진 변화입니다.,1
이번 경제 회복 조치가 국민들에게 큰 힘이 되길 바랍니다.,1
경제적 안정과 성장을 위한 정부의 끊임없는 노력에 감사드립니다.,1
기업과 소비자 모두에게 이익이 되는 정책이 좋습니다.,1
경제적 다양성과 혁신이 돋보이는 한 해였습니다.,1
경제를 위한 창의적인 아이디어가 넘쳐나서 기쁩니다.,1
건강한 경제 생태계 조성을 위한 노력이 결실을 맺길 바랍니다.,1
경제적 지속 가능성을 위한 이번 조치에 큰 기대를 걸고 있습니다.,1
국민 경제에 긍정적인 변화가 계속되길 기대합니다.,1
경제적 발전과 함께 사회적 책임을 다하는 기업들에게 박수를 보냅니다.,1
이번 경제적 성공이 앞으로 더 큰 성장의 발판이 되길 바랍니다.,1
이 사회적 이니셔티브는 정말 가치 있네요. 모두가 동참했으면 좋겠습니다.,1
다양성과 포용성에 대한 이러한 노력은 우리 사회를 더욱 풍부하게 만듭니다.,1
이번 조치는 공정하고 정의로운 사회로 나아가는 중요한 발걸음입니다.,1
사회적 약자를 위한 정책에 큰 박수를 보냅니다. 이것이 진정한 진보죠.,1
다문화 가정에 대한 지원 강화는 우리 사회의 다양성을 잘 보여줍니다.,1
지역 사회 발전을 위한 이 프로젝트에 감사합니다. 모두에게 혜택이 돌아가길 바라요.,1
사회적 기업을 지원하는 이번 조치는 정말 의미 있는 일입니다.,1
이런 긍정적인 변화가 계속되길 바랍니다. 사회가 더욱 성숙해지고 있어요.,1
사회적 책임을 실천하는 기업들이 늘어나서 좋습니다. 본보기가 되길 바라요.,1
다양한 목소리에 귀 기울이는 것이 중요합니다. 좋은 논의가 기대돼요.,1
우리 사회의 발전을 위해 힘쓰는 모든 이에게 감사합니다.,1
평등하고 공정한 사회를 위한 노력에 박수를 보냅니다.,1
이번 정책은 정말 혁신적이고 필요한 변화를 가져올 것 같습니다.,1
사회적 포용과 다양성에 대한 이러한 접근은 매우 긍정적입니다.,1
어려운 이웃을 돕는 이러한 움직임이 더 많아졌으면 좋겠습니다.,1
이러한 사회적 노력이 우리 모두에게 희망을 줍니다.,1
노인과 청소년을 위한 이 프로그램은 정말 중요합니다. 멋진 일이에요.,1
지속 가능한 사회를 위한 이러한 결정에 감사드립니다.,1
사회적 변화를 위해 노력하는 모든 분들에게 감사의 마음을 전합니다.,1
이 사회적 이슈에 대한 적극적인 대응이 인상적입니다.,1
환경 보호를 위한 이러한 노력이 바람직한 사회로의 길입니다.,1
사회적 동등함을 위한 이번 조치는 매우 중요한 발걸음입니다.,1
민주주의와 사회적 가치를 중시하는 이런 움직임이 좋습니다.,1
모두를 위한 포용적인 사회를 만드는 데 기여하는 모든 이에게 감사합니다.,1
공정하고 평등한 사회를 위한 노력이 보여서 기쁩니다.,1
우리 사회가 더욱 성숙해지고 있는 것 같아요. 계속 이런 긍정적인 변화가 있길 바랍니다.,1
사회적 연대와 협력이 더욱 강화되길 바랍니다. 함께라면 가능해요.,1
사회적 문제에 대한 이러한 적극적인 해결책이 기대되네요.,1
우리 사회가 더욱 정의롭고 평등하게 발전하길 바랍니다.,1
이런 프로그램들이 사회적 불평등을 해소하는 데 도움이 되길 바랍니다.,1
모두가 함께하는 사회를 만드는 것이 중요합니다. 좋은 예를 보여주셔서 감사합니다.,1
사회적 포용과 다양성을 위한 이런 노력은 정말 필요합니다.,1
이러한 긍정적인 사회적 변화가 계속되길 바랍니다.,1
사회적 약자를 위한 이런 정책은 정말 중요해요. 많은 사람들에게 희망을 줍니다.,1
다양한 계층의 목소리가 반영된 사회적 결정에 박수를 보냅니다.,1
이러한 사회적 프로젝트가 많아져서 우리 사회가 더욱 발전하기를 바랍니다.,1
사회적 책임을 다하는 기업과 개인에게 감사의 마음을 전합니다.,1
"모두를 위한 공정한 사회, 이렇게 되어가고 있어 기쁩니다.",1
사회적 협력과 연대가 바로 우리가 나아가야 할 길입니다.,1
사회적 문제 해결을 위한 이러한 노력이 계속되길 바랍니다.,1
이런 문화 행사가 지역 사회에 활력을 불어넣어 주네요. 앞으로 더 많이 개최되길 바랍니다!,1
예술과 문화가 삶의 질을 향상시키는 데 큰 역할을 한다는 것을 다시 한번 느낍니다.,1
다양한 문화의 조화로운 공존이 우리 사회를 더욱 풍부하게 만듭니다.,1
지역 문화 예술가들을 지원하는 이런 노력은 정말 중요합니다.,1
우리의 전통 문화를 잘 보존하고 발전시키는 모습이 보기 좋습니다.,1
이런 행사를 통해 서로 다른 문화를 이해하는 좋은 기회가 되길 바랍니다.,1
문화적 다양성을 존중하는 이런 활동이 더 확대되었으면 좋겠어요.,1
공연 예술의 발전을 위한 지원이 더 많아지길 기대합니다.,1
예술을 통해 사람들이 서로 연결되는 것이 멋집니다.,1
지역 축제가 지역 경제에도 긍정적인 영향을 미칠 것 같네요.,1
전통과 현대가 조화롭게 어우러진 이번 행사가 인상적입니다.,1
다양한 문화 체험 활동이 사람들에게 새로운 영감을 줍니다.,1
문화적 교류가 사회적 이해와 포용성을 높이는 데 중요한 역할을 하네요.,1
아이들에게 다양한 문화 체험 기회를 제공하는 것이 정말 좋습니다.,1
예술과 문화가 삶에 즐거움을 주는 소중한 원천임을 다시 한번 느낍니다.,1
이런 문화 활동이 지역 사회에 활력을 불어넣는 듯합니다.,1
문화적 다양성을 존중하고 확산하는 이러한 노력이 멋집니다.,1
전통문화를 현대적으로 재해석하는 것이 매우 흥미롭네요.,1
이번 전시회가 예술의 중요성을 다시 한번 일깨워줍니다.,1
문화적 소통을 위한 이런 프로젝트가 더 많아졌으면 좋겠습니다.,1
이런 축제가 지역 사회의 단합에 크게 기여하는 것 같아요.,1
생활 속에서 예술을 접할 수 있는 기회가 더 많아져서 기쁩니다.,1
다양한 문화의 아름다움을 발견하는 것이 정말 즐겁습니다.,1
문화적 교류를 통해 서로를 더 잘 이해하게 되는 것 같아요.,1
이런 행사가 사람들에게 새로운 시각을 제공합니다.,1
문화와 예술이 우리의 일상에 행복을 가져다 줍니다.,1
지역 문화 발전을 위한 이런 노력이 매우 긍정적입니다.,1
이런 문화 행사가 우리 사회의 다양성과 창의성을 보여줍니다.,1
문화 예술을 통해 새로운 경험을 하는 것이 정말 가치 있는 일이네요.,1
이런 문화적 활동이 사람들의 삶을 더 풍요롭게 만듭니다.,1
지역 사회와 문화 예술이 서로 상생하는 모습이 보기 좋습니다.,1
문화 예술을 통한 교육의 중요성을 다시 한번 깨닫게 됩니다.,1
문화적 다양성을 이해하고 존중하는 것이 중요합니다.,1
생활 속의 예술이 우리에게 큰 기쁨과 영감을 줍니다.,1
문화와 예술이 사회에 긍정적인 영향을 미친다는 것을 느낍니다.,1
예술을 통해 사람들이 서로 소통하고 공감하는 것이 멋집니다.,1
이런 문화 행사가 지역 사회에 활력을 주는 것 같아요.,1
다양한 문화적 경험은 사람들을 더 넓은 세계로 인도합니다.,1
예술과 문화가 우리의 일상을 더욱 풍요롭게 만듭니다.,1
이런 문화적 활동이 사회적 유대를 강화하는 것 같아요.,1
이 기술 발전이 우리 삶에 긍정적인 변화를 가져올 것 같아요. 정말 기대됩니다!,1
과학과 기술의 결합이 놀라운 결과를 만들어내고 있네요. 앞으로 더 많은 혁신이 기대됩니다.,1
이런 혁신적인 발명품이 사회에 큰 도움이 될 것 같습니다. 창의력에 박수를 보냅니다.,1
지속 가능한 기술 개발에 집중하는 모습이 인상적입니다. 미래를 위한 중요한 발걸음이에요.,1
이러한 과학적 발견은 우리의 지식을 넓히는 데 큰 기여를 하고 있습니다.,1
기술이 사람들의 삶을 더 편리하게 만드는 모습이 좋습니다. 계속해서 발전하길 바래요.,1
환경을 보호하면서 기술적 진보를 이루는 것이 매우 중요합니다. 올바른 방향이네요.,1
이번 연구가 더 많은 혁신적인 발전을 이끌어낼 것 같아요. 과학의 힘을 느낄 수 있네요.,1
기술이 사회 문제를 해결하는 데 기여하는 것을 보니 희망적입니다.,1
이런 기술적 진보가 우리 삶을 어떻게 변화시킬지 기대됩니다.,1
과학과 기술이 만드는 미래가 더 밝아 보이네요.,1
이러한 발명은 많은 사람들의 삶에 긍정적인 영향을 미칠 것 같아요.,1
지속 가능한 발전을 위한 과학 기술의 노력에 감사드립니다.,1
과학의 진보가 우리 사회를 더 발전시키고 있어요. 계속해서 좋은 결과가 나오길 바랍니다.,1
이 기술이 실생활에 적용되면 많은 변화가 일어날 것 같아요. 기대가 큽니다.,1
과학과 기술이 인류의 삶을 개선하는 데 큰 역할을 하고 있습니다.,1
이런 혁신적인 기술 개발이 더 많이 이루어지길 바랍니다.,1
과학적 연구가 사회에 긍정적인 영향을 미치는 것을 보니 기쁩니다.,1
기술의 발전이 인류에게 더 많은 가능성을 열어주고 있네요.,1
환경 친화적인 기술 개발에 주력하는 것이 중요합니다. 좋은 방향이에요.,1
이 연구가 가져올 미래의 변화가 기대되네요.,1
기술의 발전이 우리의 삶을 얼마나 변화시킬 수 있는지 보여주는 좋은 예입니다.,1
지속 가능한 기술은 우리 모두에게 이익이 됩니다.,1
과학과 기술의 발전이 이렇게 사회에 긍정적인 영향을 미치는 것을 보니 희망적이네요.,1
이러한 기술 혁신이 더 많은 분야에서 일어나길 바랍니다.,1
과학의 발전이 인류에게 큰 선물을 주고 있습니다.,1
기술이 가져올 미래가 기대됩니다. 혁신적인 발전에 감사드려요.,1
환경을 생각하는 지속 가능한 기술 개발에 박수를 보냅니다.,1
기술과 과학이 만들어낸 이 혁신이 우리 삶을 어떻게 바꿀지 기대되네요.,1
이러한 과학적 발견이 우리 사회에 긍정적인 영향을 미치길 바랍니다.,1
기술의 힘으로 더 나은 세상을 만들어가는 것 같아요.,1
과학과 기술이 우리 삶에 미치는 긍정적인 영향에 감사합니다.,1
이번 발견이 우리 삶에 어떤 변화를 가져올지 기대됩니다.,1
기술의 발전이 사회에 더 많은 편리함과 효율성을 가져다 줄 것 같아요.,1
지속 가능한 기술 개발이 바로 우리가 나아가야 할 방향입니다.,1
이런 기술 혁신이 더 많은 분야에 적용되길 기대합니다.,1
과학적 발전이 우리의 미래를 밝게 만들고 있어요.,1
이 기술이 가져올 사회적 변화가 기대되네요.,1
과학과 기술의 결합이 만들어내는 놀라운 성과에 감탄합니다.,1
기술이 우리 삶을 더욱 풍요롭고 편리하게 만들어주고 있어요.,1
국제 협력을 통한 이러한 진전이 정말 고무적입니다. 세계 평화를 향한 큰 걸음이네요.,1
세계 각국이 함께 노력하는 모습이 보기 좋습니다. 협력이야말로 진정한 해결책이죠.,1
이러한 글로벌 이니셔티브가 세계적인 문제 해결에 큰 기여를 할 것 같습니다.,1
다양한 문화의 교류가 더욱 활발해지길 바랍니다. 세계가 하나되는 느낌이에요.,1
국제 사회의 도전과제에 대한 이러한 논의는 매우 중요합니다.,1
세계적인 이슈에 대한 이런 관심이 더 많아지길 바랍니다. 모두가 함께 해결해야 해요.,1
국제 평화와 안정을 위한 노력에 박수를 보냅니다.,1
이번 협약이 세계 공동체에 큰 이익을 가져다 줄 것 같아 기쁩니다.,1
세계적인 협력과 연대가 더욱 강화되길 바랍니다.,1
이러한 국제적 노력이 지속되길 바랍니다. 글로벌 이슈 해결에 큰 도움이 될 거예요.,1
세계의 다양한 목소리를 듣는 것이 중요합니다. 좋은 글로벌 커뮤니케이션이 이루어지길 바라요.,1
지속 가능한 발전을 위한 국제적 노력에 감사합니다.,1
세계 각국이 함께 협력하여 큰 문제를 해결하는 모습이 인상적입니다.,1
문화적 다양성을 존중하는 글로벌 이니셔티브가 더 많아졌으면 좋겠어요.,1
이번 국제 회담이 세계 평화와 번영에 크게 기여하기를 바랍니다.,1
환경 문제에 대한 이러한 국제적 논의는 우리 모두에게 중요한 일입니다.,1
세계 각국이 공동의 목표를 향해 나아가는 것이 보기 좋습니다.,1
글로벌 이슈에 대한 국제적인 인식 향상이 기대됩니다.,1
이러한 국제 협력이 더 많은 성과를 가져오길 바랍니다.,1
세계적인 문제 해결을 위한 노력이 훌륭합니다. 앞으로도 계속되길 바래요.,1
국제 커뮤니티의 연대가 세계적인 도전과제를 해결하는 열쇠입니다.,1
이번 협약은 글로벌 공동체에 큰 이익이 될 것입니다.,1
다른 문화와의 교류가 우리 사회에 긍정적인 영향을 미치고 있어요.,1
세계 평화와 번영을 위한 이러한 움직임이 계속되길 바랍니다.,1
국제적인 협력이 우리 모두에게 좋은 결과를 가져다 줄 것입니다.,1
세계 각국의 노력이 모여 큰 변화를 만들어내고 있네요.,1
이러한 글로벌 이니셔티브가 세계적인 문제 해결의 모범이 되길 바랍니다.,1
세계 각국이 서로 협력하여 더 나은 미래를 만들어가고 있어요.,1
글로벌 이슈에 대한 이런 노력이 정말 중요합니다.,1
다른 국가들과의 협력을 통해 많은 것을 배울 수 있어요.,1
국제 평화를 위한 이러한 노력에 감사드립니다.,1
세계의 다양한 문화를 이해하는 것이 중요합니다. 문화 교류가 계속되길 바래요.,1
글로벌 커뮤니티의 발전을 위해 노력하는 모든 이에게 감사합니다.,1
이번 국제 회의가 세계적인 문제 해결에 큰 기여를 할 것 같아요.,1
세계 공동체의 일원으로서 우리 모두가 함께 노력해야 합니다.,1
글로벌 이슈에 대한 인식 향상이 매우 중요합니다.,1
이러한 국제적 협력이 세계적인 도전과제를 해결하는 데 중요한 역할을 하고 있습니다.,1
세계 각국의 문화를 이해하고 존중하는 것이 글로벌 사회의 중요한 부분입니다.,1
이러한 국제적 노력이 세계 평화와 번영에 기여하기를 바랍니다.,1
국제 사회가 함께 나아가는 모습이 희망적입니다. 더 많은 협력이 이루어지길 바래요. ,1
