title,link,comments
“통장 봤더니 200원”…붕어빵 ‘계좌이체’ 거부하는 사연 [잇슈 키워드],https://n.news.naver.com/article/056/0011604217?ntype=RANKING,"['돈 없으면 먹지마라 서민들끼리 등쳐먹고 살면 좋냐? 다 어렵게 산다', '세상에 거지들이 왤케 많을까', '걱정되시면 사업자 만들고 카드체크기 쓰면 되는데 스트레스 받지마시고 당장 만드시죠', '개인사업자 신청하고 카드받고 세금내고 장사하세요.0허나 빼고 입금하는 사람들도 양심없지만 붕어빵 장사도 양심없음.', '양심에 털난 인간들 ㅡㅡ붕어빵 사장님들 은행가서  무료 입금알람오는거 신청하세요  먹튀방지 차원 ~~']"
행정전산망 오류 이어 ‘정부24’도 중단…“오늘 복구 기다려봐야”,https://n.news.naver.com/article/056/0011604543?ntype=RANKING,"['정부이길 포기한거냐?', '왜.....?', '윤석열 효과. 무엇을 상상하든 그 이상! ㅋ', '와 이번정부 하루하루가 새롭다', '윤깡통 탄핵에 매우 공감하시는분 따봉눌러보세요']"
"러 매체 “한국 청년, 러시아군 자원입대해 실전 투입” [현장영상]",https://n.news.naver.com/article/056/0011604417?ntype=RANKING,"['본인의 의견은 존중하나 러시아 시민권 받으시면 한국국적은 포기해 주었으면 싶네요. 그냥 러시아 국민으로 사시길 부탁합니다.', '여기저기 정신 나간 것들이 있어!', '정신나간거 돌아오지마래라 어디가서 한국인이란 소리 하지마라', '한국에서 사고치고 도망간 노미겠지, 미쳤다고 푸틴한테 가냐고!', 'is에 자진입대해서 폭격맞고 죽은한국인도 있었지']"
배달된 쿠팡 상자서 살아 있는 쥐 나와…방역 업체가 포획,https://n.news.naver.com/article/056/0011604633?ntype=RANKING,"['솔직히 저건 저 빌라에 서식하는 쥐가 틈새로 들어간거같은데ㅋㅋㅋ', '바쁜아침  프레쉬백 찍찍이 뗄때마다 찍찍이가 너무 세게 붙어잇어서  스트레스받는데  저안에 쥐가 어떻게 들어간담?  신기방기 하구만', '아...배달후 들간거같은데....', '이걸 어떻게 사실증명은 하냐.사실 이용자가 sns에 올리는걸 다 믿을순 없지.', '쿠팡에서 쥐를 배달한게 아니라 주문한 집 계단에 쥐 다니나보네..']"
“파리채로 내리쳐도 빈대가 죽을까?”…빈대 퇴치 행동요령 [오늘 이슈],https://n.news.naver.com/article/056/0011604585?ntype=RANKING,"['눌러서 터지면 죽는거 아닌가', '빈대보고 어느세월에 스팀을 꺼내라고.... 걍 스카치테이프로 양면을 포장?해서 버리면 될 것 같은데;;;', '스팀다리미 준비한다고 놓치겠다 휴지로 감싸고 짖눌러터트리고 변기에 버리는게 낫지않는가', '언제 다리미 꺼내서 전기 꼽아 가열시키고 스팀 분사까지 하고 있나... 그때까지 빈대가 가만히 앉아서 기다려주나? ㅋㅋ  참 쓸데없는 정보 제공하려고 애쓴다', '전기 파리채로 해봤냐? 따딱!']"
"‘이재명 민주당’에 환멸 느낀 이상민, 독자 행보로 탈당 신호탄 쏘나[주간 여의도 Who?]",https://n.news.naver.com/article/081/0003409616?ntype=RANKING,"['대환영이다 국민의힘으로 가서 이상민이 원래 열심히 발의했던 차별금지법 계속 열심히 하길!', '이상민 조응천 이원욱의원 강력하게  지지한다. 최소  정치인  자격있다.', '공천한번받아볼라고 전과자한테 붙는거보다 좋게보이네', '지역구 지지율 꼴찌나오니 탈당한다는거잖아 ㅋㅋ 기사는 똑바로 써야지', '당원들이 지지한다. 이상민은 용기있게 탈당하라!']"
김포시 “시민 68%가 서울 편입 찬성” 여론조사 결과발표,https://n.news.naver.com/article/081/0003409653?ntype=RANKING,"['서울시민한테 받아줄껀지 물어보는게 맞는거 아니냐?ㅋ', '김포시민이 찬성하면   서울시 김포구 되는겨?      그럼    개성주민이    찬성하면 서울시  개성구냐?    서울 시민들이  반대한다는데    뭔    개   소리여', '좌파들 여론조사 가짜. 판명 됐네여!!', '사울시민은 여론조사해보자 ㅋ 어떻게나오나', 'ㅋㅋㅋㅋㅋㅋ아니 떡 줄 놈은 생각안하는데 왜 지들끼리 저러는겨 폭락해서 구라로 어그로 끄는겨?? 걍 김포는 인천보다 멀다']"
"“한파 속 잠옷 입은 치매아빠에 외투 벗어주고 간 시민”…딸, 눈물 쏟았다",https://n.news.naver.com/article/081/0003409628?ntype=RANKING,"['와~ 사실 평소 올바른 인성 아니면 불가능한 일. 누구나 할 수 있는 일이라지만, 누구나 쉽게 또 할 수 있는 일은 결코 아닌 거 같아요. 진짜 대단하신 분입니다! 복 왕창왕창 받으세요!!', '돌아가신  우리 어머니도 치매로 길을 잃은 적이 있는데 다행히 지구대 도움으로 1시간만에 찾았었다. 여성분의 선행에 갑자기 눈물이 난다. 치매는 결코 남의 일이 아니다.', '별거아니라고  생각할수도있지만  별거  아닌 일이  꼭\n필요한  사람에게는  큰  감동이예요\n너무  따뜻하고  감사한  일입니다\n존경스럽네요', '인정많고 인성고운.김선씨을 보면서  코끝이 찡해지는군요..칭찬받아마땅합니다..', '감사합니다 천사님']"
"“모텔에 여학생 감금 성폭행, 실시간 방송한” 고교생 무더기 기소",https://n.news.naver.com/article/081/0003409624?ntype=RANKING,"['성인들 뺨치는 미성년자들 흉악범죄 더이상 방치한다면 이나라 저들에 그야말로 무법천지가 될것이다 이제 촉법이고뭐고 그 죄질에따라 중벌로 처벌해야한다 그것이 이나라 청소년들을 이날의 미래를 지키는 이시대의 절대 정의임을 명심하라', '있는 집 자식이면 돈으로 때우려할테고 없는 집 자식이면 몸으로 때우겠지..어느쪽도 여자 아이에게는 위로가 안되겠네..저런 것들도 잘 포장해서 성인이 되면 멀쩡한척 하겠네..여자아이만 창살없는 감옥이나 트라우마로 살겠지..그것도 슬프네..제발 저런 범죄자들 청소년으로 포장하지말고 큰 벌치르거나 사회에서 격리시키면 좋겠다. 엄청난 벌을 받아도 여자아이에게는 사건 이후의 행복은 쉽게 오지 못할테니까..', '촉법시절에 많은 범죄를 했을거예요.촉법소년을 없애자.소년법을 없애고,중학생,고교생은 일반인과 똑같이 처벌해야 합니다.10대 범죄가 많이 발생합니다.촉법소년 폐기합시다.힘들면 촉법소년 다시 개정합시다.요새 초등학생,중학생,고교생 범죄가 무서워지고,어른 뺨치게 범죄를합니다.촉법소년 8세 미만으로 낮추고,소년법을 폐지해야 될거 같아요.법을 바꿔야 합니다.만6세 초등학교에 입학하면,중학교 2학년이 큰죄를 저질러도,촉법소년이라 훈방하고,그냥 집으로보내요. 말도 안돼요..초등4,5,6학년.중학생이면 알거 다 알았어요.반드시 고쳐야 합니다.', '또 어리고 반성한다고 다 풀어죽겠지 판새딸내미가 당해봐야 정신차릴듯', '저런 놈들 모아서 무인도에 격리하자']"
손자 이재용에 ‘징역 5년’ 구형된 날...용인서 이병철 36주기 추도식,https://n.news.naver.com/article/081/0003409648?ntype=RANKING,"['불법 승계는  맞지만  상속세가 너무 막대해서    경영권이  국제 자본에 넘어갈 수 밖에 없었던  사정도  감안 하긴 해야지..     부자도 적당히  부자여야  즐겁지..   청나라 마지막 황제  부의를 보는 듯 하여  애잔하다~', '사실상 요즘 사법부 판결하는 것보면, 신뢰가 전혀 1도 가지 않는다. 한국의 최대 기업인 삼성 이재용에 대한 구형은, 정말 그가 죄가 있는지도 의심이 간다. 없는 죄도 만드는 이상한 사법부라서... 삼성 기업이 무슨 동네 북도 아니고 판사들이 권한을 남용하면 누가 심판하나?', '공산당과 주사파와 무슬림과 설라도와 폐미가 합쳐진 민주당 5년이 이렇게 무섭다 나라를 박살낸다', '문재앙은 5년 구형 언제 되나...', '세상 어떤 법이 묵시적청탁이라는 이유로 구속을 시킬까 관심법이랑 뭐가 달라']"
‘행정망 먹통’ 남편 화장장에 안치도 못 하고…전국 대혼란,https://n.news.naver.com/article/028/0002665058?ntype=RANKING,"['화이팅 윤건희....이것이 너희들의 정부다.', '카카오나 kt사건같이 기업전산망 문제나는건 봤어도 국가전산망이 이렇게 복구가 인되는건 또 처음이내', '윤재앙이 하는짓이 그렇지머  머가 달라지냐..무능한놈 뽑은 놈들이 문제지..피해가도 원망하지마라 자업자득이니..', '전정부탓이오~', '윤석열 보유국 답다. 얼마나 언론을 통제 했으면 이게 속보가 아니냐!!']"
"두 다리 절단한 4살 “걸으러 나가고 싶어, 삼촌…근데 엄마는?”",https://n.news.naver.com/article/028/0002665052?ntype=RANKING,"['아이들이 불쌍해', '하마스가 이 일의 원흉이다. 그 배후에는 이란과 러시아가 있고, 그 깐부가 북괴다. 이런 북괴에게 종북주사파 정권과 그 세력들이 돈을 바쳐댔다', '문제는 미국과  서방이 감싸고 있는 이스라엘이란 나라가 없어지면  중동애 영원한 평화가 올것이다 영국과 미국이 옹호 하면서  남의 나라 땅에  침입하여  땅을 빼앗아  나라를 선포하고  그 주변을 전쟁을 통해 넓혀 나가면서  몇 차례 전쟁에서  승리하였으면 팔페스타인 사람들 인권도 존중해 주어야 하는데 가장 악독하게  팔레스타인 인을  대하고 인권이란게 없게 하는 잔혹한  유태인  지구상에서 사라저야 한다', '한겨레.식 관점....임진왜란때 대 일본제국 해군들을  이순신이  무자비하게    죽임']"
"질병청표 빈대 퇴치법 “다리미로 30초, 헤어드라이어로 60초”",https://n.news.naver.com/article/028/0002665076?ntype=RANKING,"['이게 대한민국이 맞나? 글을 읽다 한심해서 머리가 띵해지네 질병청장 파면하고 저딴 아이디어를낸 작자도 파면하라', '옛말에 초가삼간 다 태운다는게 맞는말이었구나..다리미 30초에 홀랑 다 태우겠다..', '차라리 집을 태우라고해라', 'ㅋ  ㅋ  ㅋ  다리미 드라이어래 ㆍ ㆍ 바보 삼룡이가 더  수준이 높겠다', '그렇게 해서 없어지지 않습니다. 어디서 옷에 달고와서 당일 바로 퇴치하는거면 모를까 집안에서 피맛을 봤다면 이미 숨어들어 다시 새벽을 노립니다. 그렇게 걷잡을수없이 늘어났을땐 이미 늦어서 저런방법 안통합니다. 옷은 세탁소에 모두 맡기시고 침구류는 전부 버리세요 천정구가 있다면 올라가 방역하시고 벽틈과 콘센트등도 모두 제거하고 그런식으로 수일간 방역 지속하세요 방역기간중 집에서 잠을 안자는것도 한 방법입니다. 숨어서 안먹고 몇개월버티는놈들이 맞긴합니다만 결국 사람이 없는곳에는 자연스럽게 사라집니다.']"
"민주 “전자정부마저 허무는 윤 정부, 국가 마비시키려는 건가”",https://n.news.naver.com/article/028/0002665081?ntype=RANKING,"['대구것들이 문제야.', '윤석렬이하는짓거리가뻔하지경제멍청이 국방얼간이 외교굽실이가 아는게잇어야 나라가굴러가지', '아 그거? 문정부탓이야,ㅋ', '그래도 2찍 왜구 사생아들은 굥을 숭배...', '괜찮아 이대로 쭉 망하라고 해. 이참에 개돼지들 정리 좀 되야지?']"
400년 전 환향녀 목소리 들려준 ‘연인’…“제 잘못이 아닙니다”,https://n.news.naver.com/article/028/0002665000?ntype=RANKING,"['문죄앙은. 대통 되자마자 중국에 큰산이라고납작 업드려 인하고. 국내부동산 을 중국놈들에게. 내국인보다 더싼이자로 마구. 퍼주었습니다 뇌무현 놈은. 조선족도 같은 동포라고. 지문 날일을 없애고. 투표권도 쥐어주었지요', '환향녀는 국가가 그리고 남은국민이 지켜주지 못해놓고 환향녀로몰아 죽음으로내몰은 국가적인비극이다 국가가힘이없으면 지금도미래도 그렇게된다', '진짜 저 시절은 웃겼지. 무능해서 빼앗겨놓고 살아돌아온 이들을 탓한건. 다르게 말하면 살아온 이들이 자신들의 무능을 상징하는 거니까 더 지우려고 핍박했겠지.', '평화를 지키라고  준 권력을  나라팔이, 전쟁부추키는  정치, 어떻합니카,', '조선은 518년 중국서 갖다 버린 유교 붙잡고 살다가 왕국 멸망 시킨 것이다 피해는 고스란히 백성들이 담당했다']"
"16세 정동원, 20억 합정 주상복합 매입…임영웅 이웃사촌 됐다",https://n.news.naver.com/article/025/0003322325?ntype=RANKING,"['극성팬은 아줌마들이 정말 심하긴함. 다퍼나름 주위 아이돌 좋아하는 학생보면 눈쌀찌푸리고 욕하면서 정작 지들은 남편 자식 밥도안차려주고 뛰쳐나감', '한강폭우로 침수때  슬퍼할때 자전거 못탄다고 투정하고자동차전용도로 위반한 아이가 많이도 벌었네...\n참대단하다', '잘관리해라.도둑이 천지다\n할아버지가 키운놈', '생긴 꼬라지보소..']"
"대구 찾은 한동훈, 아내도 첫 공개행보…총선 출마 임박 시그널?",https://n.news.naver.com/article/025/0003322363?ntype=RANKING,"['껌사우월주의자들은 정치허면 안된다 차등 차이에 당연하다생각하고 정신이 좀 이상한자들이다', '윤석열이가 갑자기 대선 후보가 되어서 선거판을 엎어 버렸듯이  지금 한동훈이는 내년 총선의 빅 이슈 메이커임.  이 모든게 범죄인들이 똘똘 뭉쳐 있는 민주당의 덕분입니다~~~', '한동훈은 대선 직행해야 됨. 안그래도 민주당에서 일부러 사사건건 시비 걸면서 이미지 소모시키는데 굳이 더러운 곳에 발 담가서 더 이미지 깎을 필요 없음. 총선 인재는 여당에서 알아서 찾고, 한동훈은 법무부장관 하면서 범죄자들 잡아넣고 무너져가던 법치 다시 살린 다음 대통령 하면 됨.', '총선에서 개박살나봐라...그게 바닥 민심이란걸 깨달을 것이다...', '장인검사는 주가조작.  처남검사는  유부녀 후배 여검사 성폭행.    처형은 국제 입시비리 . 부인은 외제차 세금 몇푼 아끼려고 위장전입. 딸은  불법논문.    대한민국   검사집안은  다   불법과  위선  집구석인가']"
"대낮 여성 성폭행한 80대…""고령이라서"" 귀가조치한 경찰",https://n.news.naver.com/article/025/0003322305?ntype=RANKING,"['범죄에 나이가 어디있냐', 'ㅋㅋㅋㅋ 이러니 개견이지', '아들대단하네..그걸살려보냇네 그냥 반은 죽여놓지...', '현행범 체포해서 사건처리하기 귀찮았냐? 중요범인 체포.구속시키는게 경찰일인데 일하기 싫으면 명퇴해라.불구속상태에서 재판받고 처벌은 받겠지만, 불구속상태에서 피해자가 떠안을 불안감은 어떻게 할거니?\n아무리 생각해도 업무처리 간편하게 하기위해 저렇게  처리한거같다는 생각이 왜 드는걸까...']"
"[속보] 이재용 공판 출석 ""앞으로 나아가는데 집중할 기회 부탁""",https://n.news.naver.com/article/025/0003322375?ntype=RANKING,"['이게 다 문재인 때 시작한 재판 입니다. 때려 죽일 뭉개버린 이죠!', '이재용 회장님 나라경제 살리는 회장님  열심히  일 하시게  좀 무죄주시면 안될까요 꼭 선처해 주세요 이재용 회장님 힘 내세요', '그만 괴롭히고 경영에 집중하게 합시다. 징하게 오래 괴롭히네요. 기업이 힘들면 나라가 망해갑니다', '정권이 바뀌어도 똑같이대하는구나! 뭘 얼마나 더 뜯을려고들이러나.', '꼽으면 한국나가라 재용아 불쌍한척 하지말고']"
빈대 30초 만에 퇴치법…집에 나타난다면 '이것' 꺼내세요,https://n.news.naver.com/article/025/0003322349?ntype=RANKING,"['그러다 불난다', '집을 태우라고해라', '다리미찾고 드라이기찾고 할시간에 빈대가 나죽여줍쇼하고 그자리에 잘도있겠다 그냥 잡으면되지ㅋㅋ', '손톱으로. 문질러 손세척', '기자--아 님아.\n 밥은 먹고 사니?']"
"검찰, 이재용 징역 5년·벌금 5억 구형…""공짜 경영승계""",https://n.news.naver.com/article/215/0001134849?ntype=RANKING,"['정작 큰죄 저지른 재명 제인  안잡는지 못잡는지  하고는  국가와 기업발전에  큰 일하는 이재용을 못잡아먹어 안달하는 너희는 대체 누구냐  김명수 문재인이 꽂아넣은 쓰레기 좌익 판검사들 여전히.  어이없다', '상속세 좀 어케해라.  세계에도 없는 과한 상속세 땜에 엄한 사람들 전과자 만들고 경영에 지장주니 기업 다 공중분해 시키지 말고. ..', '애국 기업 삼성이다 제발좀 그만 건드려라....공짜로 국개의원을 승계한 의겸이는? 편법으로 국개의원을 물려 받다시피한 재명이는? 이래서 고 정주영 회장이 정치를 하려 했던거 아니냐? 정치하는 놈들한테 겁박받는게 신물이 나서', '그만좀 괴롭혀라.판새시스템 전부 바꿔라', '재벌 못 잡아먹어 안달이 났군.. 선거다가오니 정의로운척 해보는건가? 국힘지지자들은 문정부에서 재벌 탄압이라고 거품 물더니 이 사안은 어떻게 평가하는지 궁금하다. 뇌는 탑재되어 있겠지?']"
"윤 대통령, 시진핑과 악수…회담하나?",https://n.news.naver.com/article/215/0001134794?ntype=RANKING,"['저기서 또 저표정질 하네~~', '시진핑과 회담은 무슨. .진핑이 저 넘은 한국이 지들 속국으로 생각하는 넘임...문가와 민주당은 저 속국이란 말 할때 아무 말도 않한 역적들임...', '악수한 것이 뉴스 기사. 연예인도 아니고. 어찌 나라 꼴이 이모양인지....', '표정이 정말 ㅎㅎ', '한중 정상회담 성사를 기원하며, 양국의 발전을 지지합니다....']"
"""저점에서 20배 올랐다""…진격의 비트코인 '1억설 솔솔'",https://n.news.naver.com/article/215/0001134899?ntype=RANKING,"['나는 아직도 이해가 안되.. 이게 왜 돈이야?', '항상 이런거 나오면  얼마후에 폭락 하더만~~', '비트코인 도박타령하는 사람들은 현재 시총 920조 인건 알려나 나중에 비트코인 1억 되면 내 물량 좀사줘요 그 때는 이해가 갈듯', '원래의 가격인 0원까지 가즈아', '이해의  문제가 아닙니다.공부합시다']"
"역시 임영웅 콘서트, 전 지역 전석 매진",https://n.news.naver.com/article/215/0001134807?ntype=RANKING,"['임영웅 광주 콘서트 꼭 가고 싶었는데 실패!성공한 사람들 많이 즐기고 오세요', '임영웅  최강스타의 면모를 보여주는 티켓팅', '임영웅   전국투어 콘스트 전지역 전석 매진역시 국민가수  언제나빛나는 내일 을 응원합니다', '임영웅 독보적인 넘사벽아티스트 전국투어콘서트 전석매진', '정말 가고싶었는데 접속도 어렵네요']"
"韓 증권사, 공매도 금지 영향 평가 너무 틀려 외국인 자금 이탈?…너무 많이 들어온다 [한상춘의 지금세계는]",https://n.news.naver.com/article/215/0001134793?ntype=RANKING,"['김주현 김소영 금융위와 기관 카르텔들이 공매도 사기 시스템 유지하려고 수작부리네.... 공매도 90일 이후 무조건 상환, 시장조성자 폐지, 공매도 전산화.. 위반하면 매매금액의 10배 과징금 부과..', '증권사와 공매도 기관과 결탁해서 공매도 금지를 부정적으로 묘사하는 기사를 올리는 기자들도 조사해야합니다.', '도둑놈 같은 외국계와 거기에 동참하는 국내 공매세력은 내보내는게 답이다! 바보냐? 집안에 도둑을 집사로 두냐!', '외인이나 기관들도 롱에 건 자금이 훨씬 많은데 공매도 때문에 빠져나간다는건 개소리지 ㅋㅋㅋㅋ', '관습에 의해 개인 투자자 파산시키는 증시를 공략한 건 정말 사이다 정치였다. 우리도 미국 증시처럼 우상향하는 제도와 환경을 만든다면 이번 정권의 큰 업적이 될 것이다.']"
"한동훈 ""외국인 정책, 우리 국민 도움되기 위한 것""…총선 질문엔 구체적 답 안해",https://n.news.naver.com/article/437/0000367499?ntype=RANKING,"['한동훈 장관은 외국인 근로자가 검증이 되면 숙련기능인력 비자를 취득할 수 있게 하는 정책 현장을 살폈다고 기사 본문에도 나와있어요 정치병자들아;;; 무슨 일하러 간 것도 사사건건 시비임 진짜 피곤하다', '""제가 추진하는 외국인 정책은 외국인의 인권이나 세계평화나 인도주의를 위한 것이 아닙니다 (외국인근로자를 고용하는) 우리 국민이 잘 살고 대한민국이 도움이 되는 정책을 하자는 겁니다"" - 국익을 위해 일하는 찐공직자 한동훈 장관님 응원합니다 👍', '그냥 외국인정책 던져놓고 마는게 아니라 현장목소리 듣기위해서 노력하는게 보기좋음', '대구가 한동훈 인기에 난리났던데요', '열심히 일하는 한동훈 장관님 항상 응원합니다']"
"""윤 대통령 사과해야""…'장모 유죄'에 손팻말 다시 등장",https://n.news.naver.com/article/437/0000367508?ntype=RANKING,"['에혀 국민들에게 가짜뉴스를 퍼뜨리면서 구라질을 해서 속이고 총선에서 이득을 보고 당선됐으니 사과는 너무도 당연하다.', '10원 한푼도 남한테 피해준적없다?  거짓말을 입에 달고사는 집구석', '윤석열 탄핵', '그래도 딸래미하고 사위는 욜시미 외국 나들이 댕긴다ᆢ사위란게 사과 한 마디 읎으요\n10원 한 장 이득본 것 없다라는 말 어케 해봐ᆢ탄핵 내지는 허위사실 공표죄 아녀?  탄학 가야지', '범죄행각은 가족공동체로 윤도 건희도 모두 동일죄 적용해야지ᆢ 만약 사위가 없었다면 저런 위조 문서를 법원까지 제출 했겠나? 전부 윤의 권력 힘과 사전조율에 이뤄진 결과로 은순의 1년 징역도 재수사하고 윤 건희도 동싲수사하는것이 자유민주주의딘']"
"행안부 ""민원서류 서비스 복구, 쉽지 않지만 최대한 노력""(종합)",https://n.news.naver.com/article/437/0000367494?ntype=RANKING,"['쉽지않지만 <<< 이건뭔 개소리냐 ;;; 진짜 무능정부', '저녁뉴스속보..북한이 해킹한 흔적발견이라 할듯..에휴..', '정보화 예산 줄이고 다 통합하고. 결국 현장 업체만 죽는다.', '놰 석렬 조작당 알바들이 조용하네.', '잡밥에만 신경쓰니  글치   무능무능  지겹다']"
"장경태·박찬대 ""이재명 대표 험지 출마?…전국 유세 다녀야""",https://n.news.naver.com/article/437/0000367482?ntype=RANKING,"['비명계는 뭘 바꿔야 한다는 거냐 니들은 원래 이재명을 싫어하잔아 결국 이재명을 바꿔야 한다는 말인데 차라리 니들이 나가라 니들은 민주당내에서 기득권이고 권력이다 \n니들이 국회에서 한게 뭔냐 당의 분열만 만든 인간들 \n이재명이 없는 민주당은 지지할 명분이 없다 \n비명계 의원들 솔직히 니들이나 국힘당 의원이나 뭔 차이냐', '아니 이미 이재명이 성남시장 경기도지사 거친거 자체가 험지였는데 뭔 맨날천날 험지가래? 국회의원들 셩선없이 단수공천 받으면서 n선 해먹을때 이재명은 민주당이 당선된적 없는 험지에서 경선해서 공천받아 당선된거임 심지어 경기도지사도 바로 전임이 국힘당이여서 이재명이 일잘해서 밭갈이 한건데ㅋㅋㅋㅋㅋ', '비명계는 무슨 ㅋㅋㅋ 그냥  가결 오적임 매국노', '저도 그렇게 생각합니다 당대표한테 억지 그만부리시고 총선을 진두지휘 할수 있도록 해주는게 대표와 민주당을 위하는것이다', '비명계 = 친국민의 힘! = 친윤']"
[단독] 교장이 수능날 같은 학교 교사 강제추행…현행범 체포,https://n.news.naver.com/article/437/0000367439?ntype=RANKING,"['기성 선생들 때문에 요즘 선생님들이 욕봅니다. 제대로 처벌받길.', '서초구라서 혐의없음으로 종결될 듯요.', '손모가지 자르고 풀어줘라. 교직에서는 연금못받게 처리도 꼭 해라', '기억이 안난다 라고 애기하겠지  판결은 초범이고 반성하니 집유로 나올테고', '나이처먹고 ㅋㅋ술이 웬수다 술이 웬수야 그지?ㅋㅋ']"
"“폐지 할머니께 유통기한 지난 음식 주는 엄마, 괜찮나”",https://n.news.naver.com/article/005/0001652857?ntype=RANKING,"['답은 너무 명확합니다..나눔과 베품은 내가 못쓰는 것을 주는 것이 아니라, 내가 쓰는 것을 남과 나누는 것입니다. 내가 못쓰는 것은 버리시고, 내가 쓰는 것을 할머니께 나눠 주시면 되고, 그게 싫으면 그 할머니가 문을 두드리시면 거절하시면 됩니다....', '저런 엄마 부끄럽다.', '할머니께도 어머니가 드실수있는 음식도 좀 드려보시라고.... 어머니도 친정어머니계셨을텐데 이왕에 좀더 큰마음으로 베풀어보심이 어떨지요', '지 먹기 싫은 음식물을 남에게 주면 안된다. 이런 인간을 소시오패스 또는 싸이코패스라고 부른다.', '날짜 지난 음식은 안 됩니다 면역력이 떨어진 노인분들은 치명적일 수 있습니다 착한 마음도 중요하지만 착한 마음속에 담겨 있는 건강한 음식을 드리는 것도 중요합니다....... 대한민국 부모님들 건강하세요 사랑합니다.........♥️....\n..']"
“1만5000원어치 맞아?” 유튜버도 놀란 광장시장 물가,https://n.news.naver.com/article/005/0001652949?ntype=RANKING,"['광장시장 물가도비싸고 사람도많고 위생도안좋다.또한 카드내밀면 정색한다.외국인 가면 덤탱이도 씌운다.전통시장살리자살리자 하는데 바뀌지않으면 평생 똑같다.일단 광장시장 먹거리 더럽다.매우더럽다.', '가지 마세요.. 더럽게 비싸고 지저분하고 중국놈 천지 입니다.', '광장시장 카드 거절하는거 반드시 신고당해야 한다.다 불어서 부서지는 잡채부터 위생부터 하...계좌이체하라고 픽 던져주는 입금계좌적힌 종이...진짜 바뀌어야한다', '유튜브나 외국관광객들이 많이 찾아오면 질좋은 음식을 내어주지는 못할망정 가격후려치기는 하지 말아야지 ㅋㅋㅋ 꼭 보면 상인들이 지 복을 지가 찬다니까. 언제까지 저렇게 호황을 누리겠냐만, 또 한편으로 생각해보면 돈까스도 12,000원 넘는데도 많더니만 뭐 한국 음식점들 대부분이 저런 비판에서 자유롭지 못할 것 같다. ㅋㅋㅋㅋㅋㅋㅋㅋㅋ', '사주는 사람이 있으니 저 가격에도 팔리는거']"
"조국 “윤석열씨, ‘정권 파탄’과 ‘가정 파탄’ 중 어느 것 택할까”",https://n.news.naver.com/article/005/0001652918?ntype=RANKING,"['저런 범죄자를 지지해주는 몰상식한 사람들이 넘쳐나니반성을 안하지', '국민이 민주적인 방법으로 선출을 했으면 본인 마음에 안들더라도 대통령은 대통령으로 인정을 해야지 고의적으로 ~씨라고 예우 없이 호칭하는 건 자신이 대선 불복, 국가 전복의 의도를 가진 반민주 세력임을 고백하는 것으로 보아야 겠지요?', '저런인간이 교수라는 직업까지 깆고 이썼다니 무식한 조씨', '하급은 매번 남탓을 한다. 그래서 평생 하급이다.', '찌질']"
이준석 “당 전권 주면 120석 자신… 그래도 역적 될 것”,https://n.news.naver.com/article/005/0001652934?ntype=RANKING,[]
화장실서 여친 살해한 해경… 임용 전 ‘성범죄 전과’도,https://n.news.naver.com/article/005/0001652948?ntype=RANKING,"['법원의 솜방망이 처벌이 저런 괴물을 만들어낸다', '전과가 있는데 경찰을 할 수 있는거임??', '해양경찰관을 임용할때,과거 전과기록을 살펴보지 않나요? 공무원,교사 임용할때는 전과기록 조회를 합니다..음란물 유포방지 혐의로 벌금형 받았으면,채용하지 말아야죠..여친을 폭행하고 목졸라 살해한 30대 해양경찰관은 사형을 선고합시다. 범인은 임용 시험 전에 성 관련 범죄를 저질러 처벌받은 전력이 있었던 것으로 확인됐어요.', '지금도 그래도 공무원 하길원하는 사람들 많을텐데, 전과기록 있는 응시자가 면접까지 합격했다는게 의문이네요. 무슨 빽이 있었던 겁니까? 이제 범죄자들도 공무원 가능한 세상이군요. 아니면 원래 전과 기록 같은건 보지 않았던 건가요?']"
"검찰, 이재용 징역 5년 구형…""공짜 경영권 승계""",https://n.news.naver.com/article/422/0000629899?ntype=RANKING,"['공짜? 좀 삼성좀 냅둬라..와이리 괴롭히노..', '공짜승계했다고 징역 때렸다고...판사야...너는 부모돈으로 공짜로 밥먹고 공부하지 않았냐?~ 징역때린놈도 같이 징역 당해야 할듯...본인도 공짜로 부모돈 받고 자랐잖아...판새 좌파세이야...어떻게든 나라 망하게 할려구 별 짓을 다해요', '이죄명 처럼 부정 비리를 저지른 것도 아니고 3대에 걸처 국가적인 부를 이룩 나라를 부강하게 하였는데 문재앙 정권이 무리하게 기소를 한 것이다.막말로 지가 벌어 지가 재산 지키려한게 무슨 죄가 되나?  그게  죄가 된다면이죄명의 아버지 부관참시하고 손자대까지 벌을 줘도 시원치 않겠다.   이재용의 죄를 사면하라! 불기소 처분이 마땅하다!', '그만 좀 못살게 굴어라 이 공산주의자들아', '문재인이 심어논 떡감 들 잘한다수출로 먹고사는 나라 오너 다  없애면 일본 꼴 나지']"
"""한국 청년, 러시아군 자원입대해 돈바스에 배치""",https://n.news.naver.com/article/422/0000629911?ntype=RANKING,"['그러니까 북한이 좋으면 그냥 싹 다 월북해 버려라. 남한에서 투정부리지 말고 이 민주당 패거리야.', '차라리 자기소신대로 공산주의가 좋다고 간것은 이해가 된다 근데 더불어전라당과 지지자들은 북괴외 중국을 찬양하고 종북종중 사대하면서 대한민국에 끝까지 남아서 좌익짓 하지말고 너것들이 원하는 북으로 가서 살아라 여기는 우리가 살아갈께', '일단 대한민국에서 제정신이 남자라면 절대 안감. 정신병 환자이거나 범죄자거나 둘중하나.', '예전에 탈레반에 자원해서 총알받이로 사라진  20살먹은 모지리 있었는데. 이번 모지리는 몇살이나 먹었고 무슨생각으로 러시아군에 입대했는지,? 한 20일쯤 지나면 집에가고싶다고  연락오겠지만. 안타깝네요~~~^^', '진짜한국인맞을까? 아닐수도 확실하지도않고 그냥 러샤언론일뿐인데']"
행정망 종일 먹통…주민센터·정부24 서류발급 차질,https://n.news.naver.com/article/422/0000629905?ntype=RANKING,"['북한 해커들 짓인지 수사하라.', '중공이나 북한쪽에 뚫렸다고 보는것이 합당한듯! 원인도 해결도 못한다면  큰문제가 아닌가싶은데?  국정무력화를  통해 얻고자 하는게 있나도싶고? 내년 총선은 무조건 사전선거 철폐와 수개표로 진행하는것이 옳다고봄!', '내일 행정안전부 전공무원 정상출근 정삼근무시켜 국민들이 피해 입지않도록 해라', '이건단순행정마비 아닐거다.분명무슨 조작을 벌이고있을거다', '북한이 했을끼다...']"
김기현-인요한 전격 회동…'횡재세' 놓고 여야 공방,https://n.news.naver.com/article/422/0000629882?ntype=RANKING,[]
"'용산 집단마약 모임' 주도범 2명 첫 재판…""혐의 인정""",https://n.news.naver.com/article/422/0000629887?ntype=RANKING,"['문가넘 및 종북좌파 땜에 나라가 마약 천국일세', '우리 나라도 마약  하면  무조건 사헝. 무기 징역으로 강력하게  해봐라 그럼 할사람 없다 장난하고 놀고들 있네', '마약홍보대사 황운하 그늠은?', '마약사범  어떻게  처리  하는지  중국에게  배워라', '떼거리 마약  사건의 주범은 사형에 처해 주세요...아님  베트남이나 중국에  위탁  처벌로 사형 집행 다하게 해 둡시다']"
이재용 회장 징역 5년 구형에 삼성 ‘충격·당혹’…1심 선고는 언제?,https://n.news.naver.com/article/009/0005216770?ntype=RANKING,"['좀..그만 괴롭히세요..그간 충분히 맘고생했습니다.', '이재용 회장이 징역이면 국개의원들은 사형이다~ 국개의원들 나라에 기여도가 얼마나 된다고 생각함?', '간첩 문재인 정권때  백신수급 어려워지자 가뒀던 이재용 회장 한명이 해결했지. 일당 백. 쓸모없는 간첩들과 주사파 좌파늠들은 영원히 없어져야함.', '적당히 좀하자 ..잘못은 했지만..그 누구보다도 나라위해 일선에서  봉사하는 이다', '삼성과 이재용 회장은  대한민국 경제와 생활의 성실한 리더이다.  국민들은 이 분들과 함께 한다.']"
"“내가 뭐가 아쉬워 사기치겠나”…‘공범의혹’ 부인 남현희, 무슨일이",https://n.news.naver.com/article/009/0005216468?ntype=RANKING,"['뭐사 아쉬워서 벤틀리받고명품선물받고  빛 갚아주게하고 동생내외에 조카까지 돈받게 해주었니?', '재주는 전청조가하고 돈은 니가받아 챙겼다며?그럼 공범이지!!', '사진 인물변형이 심하네.', '조국이나 이재명도 뭐가 아쉬워서 사기 쳤겠나? ㅎㅎ', '사기친 사람이 치고싶어서 쳤것냐 하는거네..사기 방조와 이익취득은 맞는것같네']"
초등학생 동생 5년간 성폭행한 친오빠…부모는 딸 도움 호소 외면,https://n.news.naver.com/article/009/0005216867?ntype=RANKING,"['어린 자녀의 도움을 외면한 부모도 처벌해야 합니다', '부모 쓰레기는 처벌 안하냐', '하긴 부모가 정상 이였으면 오빠가 저런짓을 할리 없지. 안타깝다. 딸은 누굴 의지하면 사냐.', '부모와 오빠  영구히 사회와 격리 되어야 한다', '부모도 같이처벌해야하는게 당연한거 아닌가요']"
"평균연봉 1억 넘는데 ‘줄퇴사’…산업은행, 역대급 신입직원 구하기 주목",https://n.news.naver.com/article/009/0005216652?ntype=RANKING,"['현재 산업은행은 경남권의 지역특채로 인하여 새로운 파벌이 생기고 있고, 전체인력의 2~30%가 지방특정대학의 인력으로 형성되어 가고 있다는 점입니다. 지역 균형발전도 좋지만 특수목적 은행의 기능이 저해되지 않도록 하는 것도 중요한 것 같습니다.  글로벌 경쟁력을 확보하기위해서는 이런 부분도 참고를 해야 할 듯합니다.', '국가 재정이랑 연계된 은행을 제대로된 검토도 없이 부산으로 보낸다고 하니 직원들이 다 나가지... 결국 피해는 국민들이 본다', '충청도랑 강원도에는 지역기반 은행 하나도 없고 금융공기업도 없음. 부산에는 부산은행과 경남은행이 있고, 금융공기업 계속 받아가서 주금공, 거래소, 예탁결제원, 기술보증기금, 주택공사 등등 이미 서울 다음으로 금융공기업 많음... 그런데 충청도 강원도는 다죽어가는데 또 부산?? 부산이기주의는 이제 그만....', '금융에서 제일 중요한게 전문 인력인데 ㅉㅉ 정치가 금융을 망친다', '정치판에 매번 흔들리다 본점까지 이전한다 어쩐다 하니 불안해서 다닐수가 있겠나? 인재들 나가면 기관 경쟁력 하락하고 결국 피해는 국민들에게 간다. 포퓰리즘 정책좀 그만둬라!!']"
구본무 롤렉스 받았다 세금폭탄?…LG트윈스 오지환 복잡하게 만든 셈법,https://n.news.naver.com/article/009/0005216592?ntype=RANKING,"['공로로 선물준다는데 무슨 세금을 뺏어가냐 증여세좀 없애자', '구회장이 번개장터에 올리고 오지환은 100원에 안전거래해라', '세금세금~~~복권에도 세금 붙는 나라;;;상속세 폐지해라 나라 망한다', '기자 똑똑하눜ㅋㅋㅋㅋㅋㅋㅋㅋㅋㅋㅋㅋㅋ 오지환 세금 걱정도 해주고 ㅋㅋㅋㅋ', '누구를 위한 세금인지 !']"
"대구 찾은 한동훈, '총선 출마설'에 ""의견 많을 수 있다""",https://n.news.naver.com/article/011/0004262950?ntype=RANKING,"['대구는 개목줄에 빨간리본만 달아도 당선된다', '윤통이 대통령 하니간 너도나도 정치하고 싶은가보네 ㅉㅉ 깐죽이는 깐죽이로 남지', '한동훈이 지금까지 뭐했는데~  그리고 대구가 그렇게 만만하냐 쓰래ㄱ들은 왜자꾸 대구오데~  와그라는데', '탄핵당하기 무서워서 꼼수사퇴하고 방탄출마하려고 와이프 사진뿌리며 언플질햇던거구나 한가발 탄핵에 쫄았네 ㅋㅋ그러니 위법행위하지말고 똑바로 살았어야지?', '법무부에서 일은 안하고 얼굴마담하는 법무장관 1호. 멍똥후니']"
'임영웅 사는 연예인 아파트'…'트롯 왕자' 정동원이 매입한 20억대 주상복합은 어디,https://n.news.naver.com/article/011/0004262864?ntype=RANKING,"['딴따라가 하는것에 비해 너무 많이 받음.', '남편들이 죽어라 벌어다준돈 ..트롯트로 다 쏟아붓는 아줌마들..ㅋ', '이런글 두번다시보기싫다  경기안조아  다힘들다', '미쓰트롯 귀염둥이 정동원은 어디가고.,  어색한 인상에 남자가 사진에 올라와있나..  ㅡㅡㅋ  그냥 생긴대로 살지. .머한다고 손을대서..  에휴', '왜   이런 기사를 쓰는지 ...안궁금하다']"
"중고 거래로 만난 男과 모텔 갔다가…43분간 감금당한 여성, 왜?",https://n.news.naver.com/article/011/0004262634?ntype=RANKING,"['와 당근으로 만나서 모텔도 가는구나 ㅋㅋㅋㅋㅋㅋ 어메이징', '중고거래서 만나 술마시고 모텔을 가? 이거 원나잇인데?  ㅡㅡ진짜 비정상이네....', '썩을 것들.. 그것도 중고거래하냐?', '중고거래하면서 별짓을 다하네. 세상 말세다', '서울경제 저질언론답게 쓸데없이 참 디테일하게도 묘사를 하네']"
수능 이틀전 사라진 수험생…어디로 갔나 위치 추적해보니 '헉',https://n.news.naver.com/article/011/0004262596?ntype=RANKING,"['혹시 알아!? 머리 식히러 간 군대가 체질일지....길은 여러갈래다. 돌고 돌아 목표 도달할지, 아님 나에게 또 다른 길이 있을지.인생 아무도 모르는 것이다. 철원..;;진짜 춥고 눈 많이 오던데 몸 건강히 무사전역하시길!', '응원한다 아들아!!!~넌 정말 멋지고 행동에 옮기는 멋진 사람이구나~꼭 행운이 따르는 삶을 살거니까 아들 마음대로 하고 살아~너를 원하는 대학에 가서 좋은곳에 취업하길~~', '아이고 아들아 ㅜㅜ 화이팅!!', '어떻게 보면 아주 현명한 선택을 한것일수도. 몸 건강하게 군 생활 잘하고 오셈~~', '너무  멋지십니다.     진심담긴  뜻 그대로  멋지다는 말을  오랜만에  씁니다.  건강히  잘  있다  나오세요응원합니다.']"
성적 낮게 줬다고…방망이로 스승 살해한 美 10대들 '종신형',https://n.news.naver.com/article/011/0004263070?ntype=RANKING,"['저런 판결이 맞지요. 아무리 10대라도 살인을 저질렀으니 그에 맞는 판결이고. 그래야 피해자 가족들이 그나마 맘의 위로를 받는것입니다. 우리나라 법도 빨리 계정되어야 됩니다. 촉법소년도 폐지되어안합니다', '초범이고 벌금형이상의 전과도 없으며 죄를 뉘우치는데 종신형을 때렸다고? 우리나라 판사들 뒷목잡고 쓰러지겠네.', '이런게 선진국다운 판결이다', '미국 판사는 국민을 위한 판사, 대한민국 판사는 범죄자를 위한 판사.', '찢재랑 관상이 비슷하노']"
"‘트로트 왕자’ 정동원, 20억대 주상복합 매입…임영웅과 이웃 됐다",https://n.news.naver.com/article/016/0002226329?ntype=RANKING,"['우리나라 연예계가 눈먼 돈 제일 많은 듯...세무조사 함 가즈아...', '이러니 죽어라  연습생실이 북적이는 이유 ㅎ  서민들은 그저 죽어라 일해도평생 만져보지도 못한 금액', '사회에 필요한 사람들이 돈을 잘벌어야 하는데...연예인 저런 애들 없어도 우리 일상에 크게 문제될 거 없잔아. 소방관, 미화원 등등 이런 사람들이 대우를 받아야 하거늘', '이런기사좀 내지마라.서민들 기죽는다..', '국민들이  해준 만큼  기부도   좀 해라!!!!']"
"조국, 尹대통령에 ‘윤석열씨’…“김건희특별법, 가정파탄? 정권파탄?”",https://n.news.naver.com/article/016/0002226176?ntype=RANKING,"['역대 가장 위선적이며 이중적인 정치인이자 사상가 중에 한 명이 바로 당신이라고 나는 생각합니다.', '네네~ 입시비리 잡범이 씨부리는 소리 잘들었습니다', '웅동학원 사회 환원 하겠다는 약속은 언제하냐? 니들 입으로 예기한것도 안지키는 인간이 무슨 낮짝으로 자꾸 기어나오는지  너의 감춰진 민낮을 세상에 널리 알려준 문죄인에게 감사해야지', '파렴치한으로 이사회악에근원으로 손색없을 인간이하의 위선자 이제 여겨운 입으로 또다시 더러운 덩어리에 위장술로 추태를 부리는 추악한놈', '조국...법학교수라는 넘이 사법시험에 응시를 안했는지, 여러차례 떨어져서 포기했는지 능력도, 실력도 없는 넘이 정치를 앞세워 교수질을 했는데 이게 다 어이없는 일이다...이넘은 왜 만취자의 교통사고로 죽지도 않나?']"
[속보] ‘징역 5년 구형’ 이재용 “제가 감당할 몫…다른 이들은 선처해달라”,https://n.news.naver.com/article/016/0002226442?ntype=RANKING,"['더러운 정치인들 이득본 후 설거지는 기업총수들 몫. 이게 기업의 현주소다. 이재용과 삼성도 교활한 정치인들 손에 놀아나지 않도록 세련되어야 살아남는다. 허구한 날 감옥 갔다 올이유가 뭔가.', '문재앙 한데시달렸는데\n또 좀제발 냅둬라\n삼성 때문에 대한민국 \n겅제를 살린거다\n찢재명 문재앙 은 왜\n그냥두냐 두사람 먼저 깜빵 보내라 \n\n삼성 이재용 회장님 힘내세요\n사랑합니다 \n대한민국 쵝오 👍 의 대기업 삼성\n무궁무진한 성공 기대해봅니다\n아무쪼록 힘내세요 파이팅 입니다', '그게 수장이지. .응원 합니다.', '삼성 점 냅둬라 왜케 괴롭히냐 우리나라는 삼성이 다 먹여살렷구만', '아오 그놈의 징벌적 상속세..']"
"“3억 놓고 지독한 몸싸움” 낯익은 ‘얼굴’…뒤늦게 알고보니, 이런 일이",https://n.news.naver.com/article/016/0002225943?ntype=RANKING,"['약을 무지막지하게 꽂았네 ㅋㅋㅋ', '약쟁이는 출연시키지 마라. 약으로 키운건 건강한 피지컬이 아니다.', '여자 10년동안 하루도 안쉬고 식단하면서 운동만하고 자고 반복해도 절대 저몸 안된다 약쟁이 아지메', '결국 우승자는 약빨이 아니였음', '진짜 몰입해서 재밌게 봤어요. 쓸데없는 나레이션 리액션 리플레이 안넣는거 넘나 좋았습니다 👍 출연진들이 땀뻘뻘 흘리며 진심으로 하는 모습에서 감동이 오는것 같아요']"
육사 ‘독립영웅실’ 30일까지 철거…“민심 반하는 역사 쿠데타”,https://n.news.naver.com/article/016/0002226361?ntype=RANKING,"['태어나서는 절대 안되는 정권이 생겨서 별 더러운짓을 다하는구나.!!   윤가놈이 친일파라서...   나라 팔아먹을 태세네~~~', '이제 정권 바뀌면 육사를 철거하자! 스스로들 친일 무관학교가 자신들의 뿌리라는데...., 임시정부 무관학교를 뿌리로 두는 사관학교 다시 세워야!', '일본육사정신과 군사쿠테타 전문기관인 육사는 차라리 해체하는게 좋겠다. 우리영토를 침략하는 적들과 싸우는 장교양성기관이 되어야지 일본군이 침략하면 반자이를 외치며 항복하고  오직 북한공산군만 상대하기 위해 육성하는 장교양성 기관은 필요 없다. 그런 기관은 뉴라이트에서 비용을 대던지 사립으로 전환하고 제3사관학교, 학군,학사장교의 육성과 이들의 장기복무를 위한 복리증진에 국민세금을 지원해야 한다.', '정권 바뀌면 이 일에 연루된 자들 모두에게 국민의 철퇴.... 역사의 철퇴가 꼭 가해질 것이다.', '독립운동가들은 독립기념관으로 가는 게 맞습니다.']"
"與 ""尹 장모, 억울한 측면 있어…文정권 검찰서 무리하게 기소""",https://n.news.naver.com/article/001/0014338378?ntype=RANKING,"['장모대응문건까지 만든 마당에 오히려 봐주기 기소지 저게 양심이란게 없는 정당이네', '2심판사가 왜 사기는 기소하지 않았냐고 했다지? 무리한 기소? 국민이 뉴스도 보지 않는다고 생각하나?', '우와!!ㅋㅋㅋ 억울??? 사문서 위변조인데?? 미쳤구나...???ㅋㅋㅋ', 'ㅋㅋ진정한 윤또까의 개돼지들일세!!', '다음은 양평 공흥 지구, 서울-양평 고속도록 노선 변경. 검찰과 경찰이 많이 바쁘겠네요.']"
"민주 ""연합뉴스TV를 마약사범·갑질투기꾼 을지재단에 넘기려해""",https://n.news.naver.com/article/001/0014338802?ntype=RANKING,"['더불어마약당이 별소릴...ㅉ', '사회주의 프로파간다 공중분해하고 민주당 편파보도에 대해 책임자 처벌과 손해배상 시키자 👍', '우측통행 하라고 그렇게 교육을 해도  좌측통행하는  조선인민공화국 종북좌파 범죄자 민주당 저질집단', '더듬어 성폭행당 또 선동한다...........공갈,협박,조작,횡령,금품 살포,위조,성폭행 트래이드 마크', '마약은 저짝이 전문 아닌가요 ;;']"
"대구찾은 한동훈, '검사탄핵'에 ""민주당 내부교통정리 먼저해야""",https://n.news.naver.com/article/001/0014338504?ntype=RANKING,"['민주당을 탄핵하고싶다', '법 잘지키고 일 잘하는 장관은 탄핵하고 법 안지키는 사람은 가만히 놔두는게 레전드 ㅋㅋㅋㅋ', '총선은 국민들 삶에 중요한 것인 건 분명하다""며 ""오늘 여기서 점검하고자 하는 범죄 피해자를 더 잘 보호하는 것, 인구 위기를 극복하기 위해 외국인 정책과 이민 정책을 잘 정비하는 것이 국민들께 더 중요할 수 있다고', '범죄자들, 범죄 지지자들만 부들부들', '지금  대구계신거 실시간 보고있는데 한장관  인기폭발이네요ㅋ']"
"[속보] 이재용 ""온전히 앞으로 나아가는데 집중하게 기회 부탁""",https://n.news.naver.com/article/001/0014338873?ntype=RANKING,"['삼성전자 응원합니다. 힘내세요', '12조 상속세 내고 수만점 문화재급 보물 바치고도 계속 검찰에 쫒겨 다니나 이게 한국식 자본주의 인가. 어쩌라는 건가 경영권 미국 사모펀드에 넘겨주라는 거냐 다른 재벌들이 다 미리 도망가겠다', '민주당은 한국 망하게 할라고 삼성 조지는거임 ㅎ', '이재용이 돈이 수십조가 있어봐야 뭐가 즐겁겠냐. 사치?  벤틀리 롤스로이스?  그딴건 졸부 양아치들이나 타는거고. 모든 언론들이 일거수 일투족을 다 보고있는데 백화점가서 명품 사는 행복함이라도 있을까. 눈뜨면 전세계 사업장 돌아다녀야 하는 사람인데.  이재용은 부자의 기준을 넘은 기업인이고 우리는 그를 응원해야한다', '이재용 힘내세요!']"
'개식용 금지' 특별법 연내 추진…2027년부터 도살·판매 등 단속,https://n.news.naver.com/article/001/0014338060?ntype=RANKING,"['개고기를 먹지 않지만 금지 하는건 자유민주주의 국가에서 할일은 아닌거같습니다.', '법으로 제제할 건 아니지 않나? 그건 개개인의 선택에 맡겨야지.', '그렇게 강아지를 가족으로 생각한다면 앞으로 강아지 등록제 시행하고 거세도 중단해라. 거세헤서 지들 편하자고 동물 학대 하지말고 그리고 강아지 버리면 유기죄로 처벌도 해라.', '돼지는? 소는? 닭은?', '보수 정권 맞나? 개를 먹지 말아야 하는 이유를 좀 알려줘봐?']"
