title,category
" 尹, IPEF 정상회의 참석…인·태 14개국 정상 ""에너지 안보·기술 협력 확대""",정치
" 尹 ""성과 기원"" 시진핑 ""협력 희망""…3분 덕담",정치
" 바이든, 尹에 ""국빈방미 때 멋진 노래""…'아메리칸 파이'",정치
" 尹 ""한미일 안보·경제 협력은 동전의 양면…우린 100% 신뢰""",정치
 3개월 만에 다시 만난 한미일 정상,정치
" 尹대통령·김건희 여사, 바이든 맞은편서 만찬…옆자리는?",정치
" APEC서도 '아메리칸 파이' 화제…바이든 ""윤 대통령, 멋진 노래""",정치
" 한일 7번째 정상회담, 한중정상회담은 불투명…왜?[정다운의 뉴스톡]",정치
" 韓, 스마트 모빌리티 늘릴 이니셔티브 제안",정치
" TK신공항 건설사업 속도… 정부, 기본계획 용역 발주절차 착수",정치
" 여야, 0~6세 영유아 의료비 세액공제 한도 폐지키로",정치
" [단독] 국민의힘 혁신위 ""당 지도부와 속도 맞출 것…오해 풀렸다""",정치
 통일부 예산안에 민주 “‘북한인권부’ ‘분단유지부’로 바꿔라”,정치
" 尹 ""내 철학과 믿음 미일이 공감"", 바이든 ""한일 덕에 짐 덜어""",정치
 ‘횡재세’ 두고 이재명 “도입해야” vs 윤재옥 “포퓰리즘”,정치
 찾아가는 거리상담에서 청소년 만나는 김현숙 장관,정치
" '무죄 호소' 이재용 ""때로 자책…합병서 개인 이익 염두에 둔 적 없어""",정치
 ‘원칙과 상식’ 윤영찬 “일단 4명이지만…눈덩이 굴릴 눈뭉치”,정치
" ""나에게온당""… 민주당, 총선 앞두고 2030 겨냥 새 현수막",정치
" 與 인재영입위, 국민추천제 실시…""이상민 오면 역대급 몸값 제공""",정치
 中단둥∼北신의주 화물트럭 운행 3년10개월 만에 재개,정치
" '방북' 러 장관 ""北과 식량수출·지질조사 논의""",정치
동영상기사,정치
 사라진 '인민 호날두' 북한 한광성 3년 만에 A매치 등장,정치
 中 자원 무기화에 대응… 印太 핵심광물 대화체 출범 선언 [뉴스 투데이],정치
" 北 '위성' 발사 통보 아직… 외교부 ""국제기구에 접수 안 돼""",정치
 한·미·일 정상 APEC서 결속강화 과시,정치
 러시아 대표단과 담화는 북한 김덕훈 총리,정치
" 미국 한국어교육재단, 한식 알리는 '아이 러브 김치' 행사",정치
 [K-브랜드 알리는 동포 차세대] ③ 약탈 문화재 찾는 남지은 씨,정치
" '미사일공업절' 하루 전…""북한 위성 발사 계획 통보 없어""",정치
" 법원 ""MB·원세훈, '블랙리스트' 배상…국가배상은 시효 지나""(종합)",정치
 윤 대통령 “안보-경제는 ‘동전 양면’…한미일 정상 암묵적 공감”,정치
" 권익위 ""부산검찰청 인근 '공용시설보호지구', 재검토 필요""",정치
" 육군 3군단, 20∼24일 인제·동해안서 대침투 종합훈련",정치
" 유인촌 장관, 한-교황청 수교 60주년 기념 기획전 축사",정치
 한-교황청 수교 60주념 기념 기획전 기념식 참석한 유인촌 장관,정치
 염수정 추기경과 인사하는 유인촌 장관,정치
 교화청 국무장관과 인사 나누는 유인촌 장관,정치
 제27회 민원봉사대상,정치
 관광 협력 양해각서 체결한 장미란 차관,정치
 정부 민원서류 서비스 온종일 '먹통'…시민 불편 잇따라(종합2보),정치
 김성한 “미국 대선에 따라 한미동맹 크게 흔들릴 수 있다”,정치
 '알레르기 유발 물질 미표시' 롤케익 등 판매중단·회수,정치
 한·미 동맹 '美방산물자 우선 공급'으로 결속 강화,정치
동영상기사,정치
" 육사, 30일까지 독립영웅실 철거…""역사 왜곡 아냐""",정치
" K방산, 美 함정사업도 진출하나",정치
동영상기사,정치
" 한미일 등 IPEF 14개국, 핵심광물 공급망 강화 합의",정치
" 여야, 예산소위서 댐 건설·경사노위 예산 두고 공방",정치
" 中매체들, 美中회담 이틀째 찬사…전문가는 ""이견 여전"" 지적",정치
" APEC서도 '아메리칸 파이' 화제…바이든 ""윤 대통령, 멋진 노래""",정치
" 여야, 0~6세 영유아 의료비 세액공제 한도 폐지키로",정치
동영상기사,정치
" '개 식용 금지법' 만든다…""먹을거리 제한"" 업계는 반발",정치
동영상기사,정치
" 윤 대통령, 시진핑과 '짧은 만남' 기시다와 '밀착 만남'",정치
" 국회 의자 개당 60만원짜리로 교체? 국회사무처 ""검토만…예산 반영 안됐다""",정치
동영상기사,정치
" 한동훈 ""평소 대구시민 깊이 존경""…출마설엔 선 긋기",정치
동영상기사,정치
 특별법 공식화에 급물살 탄 '개 식용 금지'‥보상 문제가 관건,정치
동영상기사,정치
" [단독] ""경제는 모르지만 돈은 많고 싶어!"" 민주당 새 현수막 논란",정치
동영상기사,정치
" 인요한 ""고통스런 쓴소리 계속"", 김기현 ""가감없이 전해달라""",정치
" 바이든, APEC서 ‘아메리칸 파이’ 언급… “尹, 국빈방미 때 멋진 노래”",정치
" '무죄 호소' 이재용 ""때로 자책…합병서 개인 이익 염두에 둔 적 없어""",정치
" 거래소, 기술특례상장 주관사 풋백옵션 의무 확대",경제
" 당정, 은행권 초과이익 대책 마련",경제
" NH·다올·교보증권, 효성중공업 제기한 1천400억원 손배소 승소(종합)",경제
" 교보생명, 보험 안내 자료에 '교보문고 향' 입혔다",경제
" 기업은행, 05년생 수험생 선착순 3000명 대상 'BHC 기프티콘' 제공",경제
" 한국씨티은행, '개인 컵 사용의 날' 행사",경제
" KB금융, 양종희 차기 회장 공식 선임…""막중한 책임""",경제
동영상기사,경제
 [단독] 4대 은행 떼인 대출 2.8조…1년 새 28%↑,경제
 [ETF줌인] 월 배당에 주가 상승 효과 노려…콜옵션으로 年 7% 추가 수익도,경제
" 조달비용 상승·소비위축에…카드·캐피털, 실적둔화 지속",경제
" 거래소, 기술특례상장 폿백옵션 의무 확대...""주관사 책임 강화""",경제
" 中, 美국채 보유액 6개월 연속 감소…14년만에 최저 수준",경제
" 거래소, 기술특례상장 주관사 의무 강화...‘파두 사태' 막는다",경제
 주관사 책임 강화해 부실기업의 쉬운 기술특례 상장 막는다,경제
" 거래소, 기술특례상장 주관사 풋백옵션 의무 확대",경제
동영상기사,경제
 아마존 내년부터 차도 판다…파트너는 현대차,경제
" 거래소, 기술특례상장 주관사 의무 강화...‘실적 부풀리기’ 막는다",경제
동영상기사,경제
 '20점도 당첨' 달라진 청약시장…5만 명 통장 버렸다,경제
" 옛 중앙일보빌딩, 19층보다 높아진다…녹지공간 내주고 층수 올려",경제
동영상기사,경제
 경기 둔화 17개월 만에 '회복' 조짐이라는데…서민·자영업자 온기는 시간 더 걸려,경제
동영상기사,경제
 전관업체 계약해지 한다더니…LH 혁신안 곧 발표,경제
동영상기사,경제
" '징역 5년 구형' 이재용 ""개인 이익 염두한 적 없어""",경제
" 이재용 '부당합병' 3년 공방 마무리…""공짜 승계""VS""지배구조 투명화""(종합2보)",경제
" ""저에겐 새로운 사명 많아"" 끝내 울먹인 이재용…1심 향방은(종합)",경제
" 부광약품, 이우현 단독 대표 체제로",경제
 8년째 사법리스크 이재용 “합병 관련 개인 이익 염두에 둔 적 없어”(종합),경제
" 목메인 이재용 ""합병 과정서 이익 염두 안해…앞으로 나아갈 기회 부탁""",경제
 ①커피 한 사이즈 UP ②버거·피자 세트 할인...수능 수험표의 소중함을 느낄 시간~,경제
" '인터넷 접속 오류' LGU+, 장애 시간 10배 요금 감면",경제
" 반도체 위기에, 총수 부재 가능성도…삼성, '초긴장'",경제
" 롯데월드 놀이기구 '혜성특급' 운행 중 멈춰…""인명피해 없어""",경제
" 바이오넷, 독일 의료산업전시회서 '무선초음파·동물센서' 등 선봬",경제
" ""반도체 소자로 이미징 레이더 최적화"" 비트센싱, 특허기술상 수상",경제
" HB인베, 350억 딥테크 펀드 결성…""올해 결성액만 총 820억""",경제
" 유웅환 한국벤처투자 대표, 임기 2년 남기고 사의표명",경제
" '대체 생선' 들고 온 獨 창업가…""한국인 입맛 딱 맞췄죠""",경제
" ""더 진짜같은 인공장기 제작""…'바이오프린팅' 개척하는 女벤처스",경제
" 김영집 광주TP원장, ASPA 차기 회장 선출…K-기업가정신 소개",경제
" 아이넥스, 'KDDW 2023'서 AI 위·대장내시경 'ENAD' 선봬",경제
" 에이치피오, 자사주 21만주 취득 결정...""미래가치 자신감""",경제
동영상기사,경제
 전관업체 계약해지 한다더니…LH 혁신안 곧 발표,경제
" 대우조선해양건설 회생계획안 가결... 법원, 인가 검토",경제
 ‘임영웅 사는 합정동 주상복합’…16세 정동원이 샀다,경제
 주목받는 디벨로퍼 ‘루시아홀딩스’ 랜드마크 분양 예고,경제
동영상기사,경제
 내년 기준시가 오피스텔 4.8%·상가 1% 내릴 듯,경제
동영상기사,경제
 서울 실거래가 꺾였는데…1기 신도시 분당·안양은 '들썩',경제
" 코레일, 엑스포 투표 앞두고 부산서 유치성공 음악회 열어",경제
" '시공사 탓' 그만…원희룡 ""LH, 자기 합리화 떨쳐내야""",경제
 일산 아파트 기둥 파열…“부실시공 원인으로 추정”,경제
 부동산 한파에…오피스텔 기준시가 19년 만에 하락,경제
 APEC 행사 왜 펑크냈나 했더니…머스크 ‘反유대’ 구설수,경제
" 기시다, 시진핑에 ""일본산 식품 수입규제 즉각 철폐해야""",경제
" [올댓차이나] 홍콩 증시, 알리바바 분리 중단에 속락 마감…H주 2.33%↓",경제
" [올댓차이나] 中, 신탁회사 등급제 도입…""리스크 철저관리""",경제
 머스크 또 反유대 논란…APEC 서밋 돌연 불참,경제
" [올댓차이나] 리샹차, 첫 완전 전기차 MEGA 양산 내년 2월 인도 개시",경제
 국제유가 급락 70달러도 위태,경제
 ‘투자귀재’ 버핏 또 日투자 늘리나…1조원대 엔화 채권 발행,경제
 미-중 반도체 전쟁에 눌린 알리바바…홍콩 2%↓[Asia마감],경제
" 中, 美국채 보유고 14년 만에 최저치… 더 팔면 연준에 부담",경제
" 롯데월드 놀이기구 '혜성특급' 운행 중 멈춰…""인명피해 없어""",경제
 알레르기 유발 물질 표시 안 한 롤케이크 등 3종 판매 중단·회수,경제
" 스니커즈 브랜드 '언다이드룸', 성수 첫 팝업스토어 오픈",경제
 “장사 끝나고 보니 200~300원 손님 수두룩”…골머리 앓는 붕어빵 ·호떡집,경제
" 부광약품, 오너가 3세 이우현 대표 단독 체제",경제
" ""가을 장사 다 망쳤다""…오락가락 기온에 패션업계 '곡소리'",경제
 갑자기 찾아온 추위에 오이·상추값 급등…김장 배추·무는 안정세,경제
" ""다이슨·노트북·호텔 뷔페 할인""…유통가, 수능 수험생·가족 공략",경제
 짜장면보다 싼 맛에…노브랜드 짜장버거 '인기',경제
 '알레르기 유발 물질 미표시' 롤케익 등 판매중단·회수,경제
 기술특례상장 주관사 책임 강화…거래소 코스닥 사장 규정 개정 예고,경제
동영상기사,경제
 전관업체 계약해지 한다더니…LH 혁신안 곧 발표,경제
" 을지 연합뉴스TV 최다액출자자 변경 '기습' 신청에 ""적대적 인수""",경제
 30만원 케이크 50만원 공연티켓…연말되니 더 미친 물가,경제
" 현대차, 아마존 온라인 판매로 북미 시장 공략",경제
" '회장님 롤렉스' 받는 오지환, 세금폭탄? 복잡해진 '셈법' 왜?",경제
" 거래소, 뻥튀기 상장 막는다... 기술특례상장 제도개선 예고 ",경제
 주유소 기름값 6주 연속 하락...ℓ당 휘발유 1686.1원·경유 1634.3원,경제
 사업보국·인재제일로 韓경제 선도…호암 이병철 삼성 창업주 36주기,경제
 [어촌어항공단 소식] 전사적 환경 캠페인 통해 탄소중립 실천 문화 확산外,경제
" 울먹인 이재용 ""합병으로 사익 염두 둔 적 없어…잘못 있다면 모두 제 몫”",사회
 고층 아파트에서 어린이가 던진 돌에 맞아 70대 남성 사망,사회
 “숨소리도 조심스러운데”…수능 영어 듣기평가 때 감독관 휴대전화 ‘띠링’,사회
" 상습 음주운전 60대, 만취 상태서 운전사고…보행자 숨져",사회
" 이재용 '부당합병' 3년 공방 마무리…""공짜 승계""VS""지배구조 투명화""(종합2보)",사회
 노원 아파트서 초등학생이 던진 돌에 70대 맞아 숨져,사회
 80대 여성 성폭행한 80대 남성…'고령' 이유로 귀가 조치,사회
 초등학생이 아파트서 던진 돌에... 70대 노인 사망,사회
" 70대 남성, 고층아파트 초등학생 던진 돌에 맞아 사망",사회
 노역장 유치 입소절차 안내하던 교도관 머리를 갑자기 ‘쾅’…40대 노역수 징역형,사회
 “숨소리도 조심스러운데”…수능 영어 듣기평가 때 감독관 휴대전화 ‘띠링’,사회
 [시사중국어학원의 리얼 중국어 회화] QR코드로 음식을 주문하다.,사회
 [시사일본어학원의 초단기 일본어 회화] 심부름,사회
 [파고다 강남 1타토익 RC김나래] PART 5,사회
 '킬러 논란'…정답률 1% '죽음의 수학 22번' 뭐길래,사회
 서울 주요 대학 합격선 하락 전망...“변별력 높아져 재수생 강세”,사회
 영어듣기평가 도중 감독관의 휴대전화 울려…전북교육청 조사 착수,사회
 수능 가채점은 2년 전 '불수능'급... 의대 등 주요 학과 합격선 하락할 듯,사회
" 종로학원 ""서울대 의대 292점, 경영 284점…전년 대비 2∼4점↓""(종합)",사회
 ‘킬러’ 없어도 어려웠던 수능…“지레 포기 말고 수시 준비해야”,사회
" 언론노조 ""보도채널 최대주주 변경절차 즉각 중단해야""",사회
" 이정식 장관, 유연근무제 활용 우수기업 방문",사회
" 이정식 장관, 유연근무제 활용 우수기업 방문",사회
" 이정식 장관, 유연근무제 활용 우수기업 방문",사회
" 행안부 ""행정전산망 장애 관련 납부·신고 등 기한 연장할 것""",사회
 “절대 그러실 분이 아니신데”…가짜농부 행세한 사회고위층들,사회
" 상복 위 패딩을 입고 어머니는 거리에 남았다···“9번째 영정이 놓이지 않도록”[노동사(死), 그 후의 이야기]",사회
" 고용장관 ""내년부터 유연근무제 인프라 구축비 지원""",사회
" 노동장관 ""유연근무 자리잡도록…장려금·컨설팅 확대""",사회
" 폴리텍대, ‘제15회 미래내모습그리기대회’ 개최",사회
" [영상] 민주 ""윤 정권, 연합뉴스TV를 마약사범·갑질투기꾼에 넘기려""",사회
" [기자수첩] KBS 사과방송, '의혹제기 포기선언' 아니길",사회
" 언론노조 ""보도채널 최대주주 변경절차 즉각 중단해야""",사회
" 연합뉴스 기자들, 편집총국장 중간평가 불신임",사회
" 뉴스타파 못 건드린 방심위에 ""촌극… 인터넷언론 심의 다시 못할 것""",사회
 한강포럼 '22대 총선 전략' 조찬강연,사회
" 본회의 문턱 넘은 '머그샷 공개법', 언론에 미칠 파장은",사회
 윤석열 장모 '징역1년 확정' 제일 앞에 배치한 메인뉴스는,사회
 KBS '더 라이브' 폐지 후폭풍…수신료 '보이콧' 움직임까지,사회
" 민주 ""연합뉴스TV를 마약사범·갑질투기꾼 을지재단에 넘기려해""",사회
 [날씨] 토요일 아침 영하라 추워요…낮 기온도 10도 이하,사회
" ""기후대책 부족하다""…호주 초중고생 수천명, 등교 거부 후 시위",사회
 수도권·강원 산불 10년간 해마다 200건…감소 해법은 '영농부산물 파쇄',사회
동영상기사,사회
 '개 식용 금지' 특별법 연내 추진…반발도 여전,사회
 수능 뒤 첫 주말 체감 -10도 '꽁꽁'…빙판길 주의[주말날씨],사회
 서울 눈 그쳤지만 곳곳 최대 15㎝ 더…밤에 -7도까지 '뚝'[퇴근길날씨],사회
" 낙동강환경청, 영남권 5개 광역시·도와 국가하천 유지·보수 방안 논의",사회
" 부산-울산항만공사, 친환경 선박연료 공급 활성화 MOU 체결",사회
" 한화진 환경부장관, 지역아동센터 환경보건 현장 점검",사회
" 한화진 환경부장관, 지역아동센터 환경보건 현장 점검",사회
" 알레르기 유발물질 표시 안한 '식빵·케잌'…""반품하세요""",사회
 영유아 의료비 한도 없이 공제...‘여야 개정안 공감대’,사회
" 유엔여성기구 성평등센터 포럼 개최…""남녀 임금격차 해소 방안 논의""",사회
 대통령실·의료계 눈치? 실무적 문제? 의대 증원 수요조사 발표 미루는 복지부,사회
 [카드뉴스]감자칩 등에 건강세 매긴다,사회
" SK울산콤플렉스, 19년째 장학금 전달…올해 방과후 수업 지원",사회
 [60초 뉴스]의사 인턴제도 폐지?…전공의 근무여건 개선도 필요,사회
" 부광약품, 이우현 OCI홀딩스 회장 단독대표 체제 변경",사회
 갑자기 저리고 욱신거리는 손목 통증... 손목터널증후군 치료는?,사회
 김해 도심 빈집 공용주차장으로 재탄생 지원사업 '호응',사회
" 아이디병원 “연말, 수험생 성형 수술 약 191% 급증”··수험생 특별혜택 제공",사회
" 여야, 0∼6세 영유아 의료비 세액공제 한도 폐지 잠정 합의(종합)",사회
 롤케익 살 때 '이 제품' 꼭 확인하세요…'알레르기 유발' 미표시,사회
 100주년 맞은 간호협회... '간호법' 재추친 시동,사회
 질병청 공인 ‘빈대 퇴치법’…“다리미·헤어드라이어·뜨거운 물”,사회
" 민원 서류발급 올스톱…행안부 ""주민센터 납부·신고기한 연장""",사회
" [단독]서울시립대, 공립의대 추진... ""서울의료원 연계 지역의료인 양성""",사회
" 한독, 숙취해소 젤리 '레디큐 스틱' 편의점 입점",사회
" 민주 ""연합뉴스TV를 마약사범·갑질투기꾼 을지재단에 넘기려해""",사회
" 지영미 청장, 항생제 내성 예방 캠페인 홍보부스 방문",사회
동영상기사,사회
" 김포시 ""68% 서울편입 찬성""…경기도 조사와 정반대",사회
 [포토]문체부 장미란 차관 ‘산마리노’ 방문,사회
 경남서 수능 부정행위 15건 … 반입금지 물품 소지 대부분,사회
" “예쁜 선생이면 민원도 없어” 경남교육청, 갑질 논란 학교장 수사 의뢰",사회
" ""충TV 덕분에 수능 한국지리 만점""...충주시 유튜브 또 화제",사회
 찾아가는 거리상담에서 청소년 만나는 김현숙 장관,사회
" 이상민 ""개딸당, 몇 명이 부르짖는다고 가능하지 않아""",사회
" 강릉·춘천서 올해 첫눈…""차량 운행·건강 관리 주의""",사회
 슈퍼카 등 호화생활 자랑하더니…짝퉁 팔아 수십억 챙긴 인플루언서 ‘실형’,사회
 노역장 유치 입소절차 안내하던 교도관 머리를 갑자기 ‘쾅’…40대 노역수 징역형,사회
" '싱글 인 서울' 박범수 감독 ""설렐 수 있다는 희망 주고 싶었죠""",사회
 [부고] 김병태 前 태광물산 대표 별세 外,사회
 [부고] 정인석씨 별세,사회
 [인사] 신세계그룹 ; 방위사업청 ; 지방공기업평가원,사회
 [인사] 신세계그룹,사회
 [인사] 방위사업청 외,사회
 [부고] 이성구(LBBW 서울지점 대표)씨 부친상 외,사회
 11월18일 인사,사회
 11월18일 궂긴 소식,사회
 [사진뉴스]  대전어은중학교 1일 기자체험,사회
 생후 이틀된 영아 살해 30대 친모 구속..출생신고 조사 중 포착,사회
동영상기사,사회
" 김포시 ""68% 서울편입 찬성""…경기도 조사와 정반대",사회
동영상기사,사회
" '부당합병' 1심 재판…이재용, 10분간 직접진술 ""기회 달라""",사회
동영상기사,사회
 [단독] '통계 조작 의혹' 청와대 일자리수석 압수수색,사회
동영상기사,사회
" 유인촌은 본 적도 없다던 '블랙리스트'…법원은 ""피해자에 배상하라""",사회
 “숨소리도 조심스러운데”…수능 영어 듣기평가 때 감독관 휴대전화 ‘띠링’,사회
" [속보] 이재용 ""모든 역량 쏟을 기회 달라""…재판부에 호소",사회
 “이게 1만5000원 어치야?”…광장시장 촬영 나간 유명 유튜버 ‘화들짝’,사회
 [날씨]전국 대부분 영하권…충청·전라 빙판길 주의,사회
동영상기사,사회
" '징역 5년 구형' 이재용 ""개인 이익 염두한 적 없어""",사회
" 낮에 태워야 하는데...""뚱뚱하면 밤에 더 열량 소모 많다, 왜?""",생활/문화
" ""옛친구에게 문자할까 말까?""...망설이지 마라, 감사해한다",생활/문화
동영상기사,생활/문화
 ‘마이코플라스마 폐렴’ 환자 3주 만에 2배 증가…대부분 아동,생활/문화
" 대표 집안일 ‘이것’ 개기… 심장병 위험 낮춘다는데, 진짜?",생활/문화
" 갑자기 찾아오는 뇌졸중, 어떻게 막지? [귀하신 몸]",생활/문화
" 부광약품, 이우현 OCI홀딩스 회장 단독대표 체제로",생활/문화
" 가톨릭대학교-한국전기연구원, 유망기술 소개 공동 심포지엄 개최",생활/문화
" 대구파티마병원, 캄보디아에서 해외의료봉사 펼쳐",생활/문화
" 어질어질, 빙글빙글, 비틀비틀 다양한 어지럼증 한의치료",생활/문화
" 국내 첫 자궁이식…희귀질환 여성, 임신의 꿈 가까워진다",생활/문화
" 현대차, 아마존 온라인 판매로 북미 시장 공략",생활/문화
 디 올 뉴 싼타페·아이오닉5 N ‘LA 오토쇼’ 데뷔,생활/문화
" 엔카닷컴, 딜러 전용 모바일 앱 ‘엔카파트너’ 운영",생활/문화
" ""큰 차는 미국차"" 정통 美SUV 쉐보레 트래버스·타호, 700만원대 할인",생활/문화
" KG모빌리티-푸타그룹, 베트남 시장 공략",생활/문화
" “현대차, 아마존서 사면 집까지 배송”…전세계 최초라는데",생활/문화
 현대차그룹 2023년 대표이사 사장단 인사,생활/문화
" 한국자동차공학회, 신임 회장에 전병욱 현대차 연구위원",생활/문화
 2025년부터 '아마존 두뇌' 탑재…유통공룡 손잡고 車 시장 혁신,생활/문화
 현대차그룹 50대 CEO 전진배치…'세대교체' 신호탄,생활/문화
 강남서 9호선 타고 환승 없이 인천공항 바로 간다,생활/문화
 '급변풍·강풍특보' 제주공항서 항공기 13편 결항·103편 지연,생활/문화
" 국가철도공단, 대구산업선 3개 역사 내년 3월까지 설계공모",생활/문화
" 코레일, '부산엑스포' 유치 응원 음악회 개최",생활/문화
" 도로공사 노사, 도로교통 미래 선도 ‘맞손’…공동선언문 발표",생활/문화
 인천공항서 강남까지 환승없이 '쭉'…'공항철도~9호선' 2027년 개통(종합),생활/문화
" 대구시, 버스·지하철료 1600원 안팎…""서민에 부담 전가"" 반발",생활/문화
" 한국도로공사, 노사 공동선언문 발표…""도로교통 미래 선도""",생활/문화
 [속보] 서울시 “지하철 9호선·인천공항철도 직결 운행 조속 추진”,생활/문화
 '수원·화성~서울' 경진여객 파업에도 출근대란 없어…지하철 등 이용,생활/문화
" 롯데월드 놀이기구 '혜성특급' 운행 중 멈춰…""인명피해 없어""",생활/문화
 설악산 칠선골에서 50대 등산객 숨진 채 발견,생활/문화
 관광사업 공동체 한자리에 모인다..문체부·관광공사 '이음두레' 개최,생활/문화
 밀양 여행의 시작점…여행문화센터 '해천상상루' 개관,생활/문화
" '6주년' 서울드래곤시티 ""통 크게 쏜다""",생활/문화
 서울 성수동서 경남관광 알린다…팝업스토어 '억수로 055' 운영,생활/문화
" 국민의힘 부산시당, 에어부산 분리매각 의견 청취",생활/문화
 풍요 명당은 주인이 따로 있다 [안영배의 웰빙풍수],생활/문화
" 투명하게 빛나는 광활한 소금밭, 대단합니다",생활/문화
" “취약계층을 위해 써달라”…하나투어, 종로구청에 쌀 화환 111포대 기부",생활/문화
" 아워홈, 싱카이·키사라 특별 프로모션…""29% 할인""",생활/문화
" SPC, '커피자루 업사이클 디자인 공모전' 시상식 및 전시회 개최",생활/문화
" 루에랑-Kreyenhop&Kluge, 유럽시장 확대 전략 세미나 성료",생활/문화
 ‘겨울철 별미’ 태안산 굴 본격 수확…“내년 3월까지 채취”,생활/문화
 미국산 돼지고기 능력고사 시상식 ‘영광스런 최후의 3인’,생활/문화
 ‘제1대 포크킹 탄생’ 美돼지고기에 대한 남다른 상식과 애정 보여줘,생활/문화
" 미국육류수출협회, U.S. P.A.T 진행",생활/문화
 美돼지고기로 만든 칠리 콘 카르네,생활/문화
 美돼지고기로 만든 ‘칠리 콘 카르네’ 시식,생활/문화
 '직접 맛보고',생활/문화
" 엔에프씨, '코스모팩 아시아' 참가…ODM 제품 알려",생활/문화
" 배우 안선영, 프리미엄 안티에이징 스킨케어 브랜드 모델 발탁",생활/문화
 한국 최정상 셰프 5명이 선보이는 루이 비통 팝업 레스토랑 오픈,생활/문화
" 라프텔, 홍보 모델에 배우 겸 방송인 안선영 발탁",생활/문화
 롯데마트 ‘베이비 브랜드 페스타’…‘반값 프로모션’ 제품 찾아보니,생활/문화
 타월 스커트가 115만원?…이케아 9900원 패러디에 “천재적” 폭소,생활/문화
" 파라점퍼스, 23FW 겨울 캠페인 'GRAND FROID' 선보여",생활/문화
" 한국콜마홀딩스, ESG 선도하는 UNGC '리드그룹' 2년 연속 선정",생활/문화
 전국 모든 어린이집에 핸드워시 세트 전달한 이 회사,생활/문화
" 프롬바이오코스메틱 매스티나, 뷰티 슈퍼위크 프로모션 진행",생활/문화
 국립세계문자박물관장에 김성헌 단국대 교수,생활/문화
 일상 속 도파민이 필요하다면…'푸에르자 부르타 웨이라' 공연,생활/문화
 [오늘의 arte] 이벤트 : 아르떼가 와인을 쏩니다,생활/문화
" 주벨기에 한국문화원, 브리쉘 개선문서 '미디어 파사드' 전시",생활/문화
" 조수미, 브뤼셀 개선문서 '부산엑스포 유치' 공연",생활/문화
 폐관 앞둔 대학로 대표 소극장 ‘학전’… 박학기·동물원 등 릴레이 무대 선다,생활/문화
" 조수미, 브뤼셀 개선문서 '부산엑스포 유치' 공연",생활/문화
" '건반 듀오' 스콧 브라더스 ""우린 서로를 항상 응원하는 형제…재미있는 클래식 선사할 것""",생활/문화
 [이 아침의 안무가] '20세기 英 발레의 정수'…프레더릭 애슈턴,생활/문화
" 김달진미술자료박물관, 한국전위미술사 재조명",생활/문화
 [주말에 함께] 해적의 시대를 건너는 법 外,생활/문화
 [책마을] 노예가 흔해지자…'기술 강국' 로마에 혁신이 사라졌다,생활/문화
" [홍순철의 글로벌 북 트렌드] AI로 우뚝 선 딥마인드 공동창업자 ""AI를 강력 규제하라""",생활/문화
 [책마을] '퀄리티 저널리즘'을 구현한 언론인들,생활/문화
" [책마을] ""선례가 없어서 안 돼요""…테슬라에선 못 듣는 소리",생활/문화
 [책마을] TV 예능에 나온 덕분에 쇼펜하우어 책들 깜짝 인기,생활/문화
 [책꽂이] '아이디어 1퍼센트의 법칙' 등,생활/문화
" [책마을] ""인구 감소에 대한 우려는 지나치게 과장됐다""",생활/문화
 [책마을] 美 민주당의 핵심 지지층…노동자들은 어디로 갔을까,생활/문화
 [책마을] 인간과 미생물의 맛있는 역사,생활/문화
" [이·팔 전쟁] 교황청 2인자 ""어떤 이유로도 병원 공격 안돼""",생활/문화
" '신사참배 거부' 최인규 권사, 순국선열의 날 독립유공자 포상",생활/문화
" [영상] 독일, 이슬람 단체 54개 전격 압수수색…""헤즈볼라 불법 지원""",생활/문화
" [동정] 유인촌, 대한민국-교황청 수교 60주년 특별전서 축사",생활/문화
" 유인촌 장관, 한국·교황청 수교 60주년 특별전 개막식 참석",생활/문화
 에드가 페냐 파라 대주교 손 맞잡은 유인촌 장관,생활/문화
" 유인촌 ""서소문성지 오니 파리 외방전교회 떠올라…가톨릭 의미 가슴에 담을 것""",생활/문화
 교황청 수교 60주년 기념 특별전 ‘모든 이를 위하여’ 축하기념식,생활/문화
 한국-교황청 수교 60주년 기념 특별전 축하기념식,생활/문화
" 유인촌 장관, '한-교황청 수교 60주년 기념 특별전 기념식",생활/문화
 [날씨] 토요일 아침 영하라 추워요…낮 기온도 10도 이하,생활/문화
" 강릉·춘천서 올해 첫눈…""차량 운행·건강 관리 주의""",생활/문화
동영상기사,생활/문화
 [날씨]내일 더 추워져…서해안 많은 눈,생활/문화
동영상기사,생활/문화
 밤사이 충청·호남 큰 눈‥주말 더 추워져 서울 -4도,생활/문화
동영상기사,생활/문화
 예산에 대설주의보…내일까지 최대 10cm 눈,생활/문화
동영상기사,생활/문화
" 한파·강풍특보, 대구·경북 내일 아침 영하권에 눈·비",생활/문화
동영상기사,생활/문화
 [퇴근길 날씨] 밤사이 충청·호남 강한 눈…내일 아침 ‘서울 -4도’,생활/문화
동영상기사,생활/문화
 경남 내일 아침 영하권…“눈·비 빙판길 주의”,생활/문화
동영상기사,생활/문화
 광주·전남 내일 아침까지 눈 또는 비…아침 기온 ‘뚝’,생활/문화
동영상기사,생활/문화
 충북 내일 아침까지 눈…최고 10cm,생활/문화
 “이게 1만5000원 어치야?”…광장시장 촬영 나간 유명 유튜버 ‘화들짝’,생활/문화
 [날씨] 토요일 아침 영하라 추워요…낮 기온도 10도 이하,생활/문화
동영상기사,생활/문화
" 미래 미디어 아트는 이런 모습…AI·신기술 결합, 실감형 전시도 열려",생활/문화
" 법원 ""MB·원세훈, '블랙리스트' 배상…국가배상은 시효 지나""(종합)",생활/문화
 “이 밤식빵 먹지 마세요”…알레르기 유발물질 미표시,생활/문화
동영상기사,생활/문화
 청주 ‘내수읍 문화소극장’ 준공,생활/문화
 유치원 모집 인원이 '1명'... 헛웃음 나오네요,생활/문화
동영상기사,생활/문화
 [영상] 보물에서 국보로…부안 내소사 동종,생활/문화
" 박지윤 '장문의 반성' 다음날…최동석 ""두려우면 말 길어진다""",생활/문화
" 20대 사장님, 60대 알바생…요즘 편의점에 무슨 일이?",생활/문화
" 휴롬, 2023 대한민국 특허기술상 '세종대왕상' 받아",IT/과학
 AMD표 ‘AI반도체’ 성장 동력은? 내달 6일 美 현지 행사 개최,IT/과학
" 스마일게이트 RPG, ‘로스트아크 모바일’ 전시 부스 오픈",IT/과학
" 스마일게이트 RPG, ‘지스타 2023’에서 신작 ‘로스트아크 모바일’ 전시 부스 오픈",IT/과학
" 스마일게이트 RPG, ‘지스타 2023’에서 신작 ‘로스트아크 모바일’ 전시 부스 오픈",IT/과학
" 퀄컴, 스냅드래곤7 3세대 공개.. GPU 50%↑·AI 60%↑",IT/과학
" 스마일게이트 RPG, '로스트아크 모바일' 부스",IT/과학
" 스마일게이트 RPG, 지스타 '로스트아크 모바일' 부스 오픈",IT/과학
" 스마일게이트 RPG, 지스타 '로스트아크 모바일' 부스 오픈",IT/과학
 모코코 리프레쉬 카페,IT/과학
 생성 AI '백가쟁명'…캐릭터 챗봇이 뜬다,IT/과학
 국경간 전자상거래 뜬다…‘한중일 아시아 통신판매 비전’ 콘퍼런스 열려,IT/과학
" [지스타2023] 엔씨소프트 신작 ‘LLL’, MMO 슈팅 ‘호평’",IT/과학
" 행안부 ""전산장애로 지연된 공공민원 납부 기한 연장""",IT/과학
" 로봇·자율주행 기업 만난 고학수…""규제로 인한 어려움 없게 지원""",IT/과학
" 문자 대신하는 '카톡 알림톡'…""금융정보 전달 시 안전성 커""",IT/과학
" ""카카오톡 알림톡, 이용자 후생에 기여…연간 약 2122억원 규모""",IT/과학
" SM, 제페토서 '에스파월드' 론칭…'함께 만드는 에스파 음악' 시작",IT/과학
" ""카톡 알림톡, 금융정보 수신시 문자메시지 대비 더 안전하다 느낀다""",IT/과학
" 한총리, 행정전산망 마비에 ""인력·장비 총동원 신속복구"" 지시",IT/과학
" LGU+, 인터넷 접속 오류 피해 고객에... 장애시간 10배 요금 보상",IT/과학
" '인터넷 접속 오류' LG유플러스, 장애 시간 10배 요금 감면",IT/과학
" 언론노조 ""보도채널 최대주주 변경절차 즉각 중단해야""",IT/과학
" '인터넷 접속 오류' LGU+, 피해고객에 장애시간 10배 요금 감면",IT/과학
" 웹젠 “서브컬처 ‘테르비스’, 고퀄리티 영상미로 새로운 재미 주겠다”",IT/과학
 “쿠키런: 모험의 탑 ‘협동 액션’ 새 장르 개척…온 가족 함께 즐기며 공감대 형성”,IT/과학
 강남구 '로봇 플러스 페스티벌' 개최,IT/과학
 [DD퇴근길] 정부 블랙아웃 초래한 행안부…민원 서비스 사실상 올스톱,IT/과학
" “라그나로크만 있는 것 아냐”…그라비티, 인디부터 레트로까지 새 장르 도전",IT/과학
" 넷플릭스vs토종 OTT 제작원가 70배 ↑ 차이…""투자 부담으로 적자 폭 커져"" [OTT온에어]",IT/과학
" 조각투자 스타트업 뮤직카우, 1호 음악수익증권 승인 받아 사업 재개",IT/과학
 딥테크 창업 중심지 '대덕'…스타트업 투자기관 간 협력 '강화',IT/과학
" [전문] 이재용, 징역 5년 구형에 변론...""삼성 초일류 도약에 쏟아붓겠다""",IT/과학
 그리드원·유큐브 AI 협약 “LLM 기반 솔루션 구축”,IT/과학
" KAI, 우즈벡서 노후 유치원 보수 봉사활동 펼친다",IT/과학
 온·오프 민원서비스 먹통…행안부 “복구시점 예측 어려워”,IT/과학
" “부르는 게 값, 비싼 회였는데"" 광어 반값도 안되는 방어라니…지금 많이 먹어두세요 [지구, 뭐래?]",IT/과학
" 구글, 차세대 LLM 제미니(Gemini) 출격 연기했다",IT/과학
 “서류 하나 못떼 사업 잘못되면 정부가 책임질 건가요”,IT/과학
" 이재용 최후의 변 ""삼성 초일류 기업 도약에 모든 역량 쏟겠다""",IT/과학
" 정부24 먹통…국정원 ""원인 파악·복구 지원""",IT/과학
" “대한민국 산업보안, 20년 역사를 말하다”… 22일 국제 콘퍼런스 개최",IT/과학
" 오픈베이스-라드웨어, ‘디지털 보안의 미래: VIP 초청 세미나’ 개최",IT/과학
" 고학수 위원장, 로봇·자율주행차 ""데이터 안전"" 주문",IT/과학
" 개인정보위, 로봇·자율주행차 간담회…""데이터 안전처리 만전""",IT/과학
" 지슨, 신한은행에 무선 백도어 해킹 탐지 시스템 공급",IT/과학
" SAP, 인적자원 설루션 '석세스팩터스' 한국 사용자그룹 설립",IT/과학
 “수능 수험표 개인정보 유‧노출 주의하세요”,IT/과학
" 개인정보위 ""수능 수험표 개인정보 유출 주의""",IT/과학
" “통계 작성에도 개인정보 보호 준수해야”…개보위, 가이드라인 발표",IT/과학
" 국가정보원, 마비된 행정전산망 원인 파악 중",IT/과학
 온·오프 민원서비스 먹통…행안부 “복구시점 예측 어려워”,IT/과학
 “서류 하나 못떼 사업 잘못되면 정부가 책임질 건가요”,IT/과학
" [데이터링] 영상데이터 원본 활용…""네거티브 방식 등 명확한 기준 필요""",IT/과학
 허점 드러낸 디지털정부… 원인 파악도 못한 채 엉뚱한 설명?,IT/과학
 공무원 행정전산망 오류로  전국 주민센터 '마비',IT/과학
" '민원 마비' 일파만파…한총리 ""모든 조치 강구하라""",IT/과학
" ""집사, 나 출근하고 올게""…띵스플로우 '반려동물 AI 프로필' 출시",IT/과학
" ‘정부 블랙아웃’ 초래한 행정안전부… 대전에 집결 중인 IT 기업, 왜?",IT/과학
" 한국교과서협회, 디지털교과서 제작 노코드 적용",IT/과학
 [지스타 2023] 넷마블 인플루언서 휴식공간 ‘크리에이터 라운지’ 운영,IT/과학
" [지스타23] 뉴노멀소프트, '지스타'서 '템페스트' e스포츠 이벤트로 '눈길'",IT/과학
" 방치형 모바일게임 '와룡삼국', '모금교위 인증' 이벤트",IT/과학
" ""신작, 이대로만 나왔으면 좋겠다""…지스타 찾은 유저들",IT/과학
 [지스타2023] 해외 사로잡은 펄어비스 ‘아침의 나라’는 어떻게 열렸을까,IT/과학
" [지스타]'칠대죄: 오리진', 인플루언서 참여 던전 클리어 시간 경쟁 이벤트 벌여",IT/과학
" 코인에 진심인 위메이드…""블록체인으로 게임 혁신""",IT/과학
 크래프톤 '다크앤다커 모바일' 공개… 중세 던전 부스로 관람객 몰이,IT/과학
" [지스타2023] 엔씨 '배틀크러쉬'로 글로벌 경쟁력 자신…""전 연령 타깃""",IT/과학
" [지스타]넷마블, 지스타 현장에서 '크리에이터 라운지' 운영",IT/과학
" 이우현 OCI홀딩스 회장, 부광약품 단독 대표로",IT/과학
 유전자 잘라 병 고치는 시대 열려,IT/과학
" [과학게시판] 전기연구원, 카톨릭대와 전기의료기기 유망기술 심포지엄 개최 外",IT/과학
 '하반신 마비' 40대 남성이 걸었다…새 치료법에 '깜짝',IT/과학
 스타십 발사대의 '뒤집어진 샤워기'…로켓 화염 막아낼 수 있을까,IT/과학
 복지부 차관 만난 의대교수협의회 “필수의료 기여도 따라 정원 배분해야”,IT/과학
 검은콩 발효물서 모발 강화 소재 개발…계명대 정용진 교수,IT/과학
" [인터뷰] 박재범 삼성서울병원 교수 “자궁이식 이제 첫 걸음, 누구나 임신과 출산 가능해질 것”",IT/과학
" [과기원NOW] KAIST, 21일 '6G 그랜드 써밋 2023' 개최 外",IT/과학
" ""인간은 우주속 티끌? 모래알도 소중한 존재죠""",IT/과학
" 中, 美국채 보유액 6개월 연속 감소…14년만에 최저 수준",세계
 필리핀 민다나오섬 부근 규모 6.9 강진…쓰나미 피해 없어(상보),세계
" 시진핑, APEC서 전방위 외교…하루 5개국 '몰아치기' 정상회담(종합)",세계
" ""美반도체업체, 韓 자회사 통해 中에 장비 우회수출""",세계
" ""기후대책 부족하다""…호주 초중고생 수천명, 등교 거부 후 시위",세계
" [올댓차이나] 홍콩 증시, 알리바바 분리 중단에 속락 마감…H주 2.33%↓",세계
" 美·필리핀, 원자력협력협정 체결",세계
" 필리핀 민다나오섬 앞바다서 규모 6.7 지진…""쓰나미 위험 없어""",세계
" 시진핑 ""日 원전오염수 우려""…기시다 ""수입규제 철폐해 달라""",세계
" 中매체들, 美中회담 이틀째 찬사…전문가는 ""이견 여전"" 지적",세계
" 中, 美국채 보유액 6개월 연속 감소…14년만에 최저 수준",세계
" ""네이마르, 수당 없이 주 7일 고용"" 가사도우미, 체납수당 5억 청구",세계
 美 경기 둔화조짐에…유가 한달새 10% 하락,세계
 시진핑 뒤통수에 `독재자` 바이든 돌발 발언에...얼굴 찡그린 美 국무,세계
 트럼프 대안은 니키 헤일리?,세계
" 블랙록, 이더리움 현물 ETF 상장 신청",세계
" 시진핑 만찬 박차고 나간 머스크, APEC 대담도 돌연 불참... 왜?",세계
" 美·필리핀, 원자력협력협정 체결",세계
" 中매체들, 美中회담 이틀째 찬사…전문가는 ""이견 여전"" 지적",세계
 IPEF 참여 14개국 '광물 매장량 지도' 만든다,세계
" [이·팔 전쟁] 교황청 2인자 ""어떤 이유로도 병원 공격 안돼""",세계
" 러 하원, 533.4조원2024년 연방예산 승인…25% 증가 사상최대 규모",세계
" 몬테네그로 법원, '여권 위조' 권도형에 2심서도 징역 4개월",세계
 아일랜드 올해 역성장…中에 수출의존 '부메랑',세계
 '과도한 복지' 영국병 공포에 결국…英정부 '초강수' 꺼냈다,세계
" ""마냥 놀면 무료의료도 통신료 할인도 없다""…실업자에 엄포놓은 영국",세계
" ""우크라 어린이 2천여명 벨라루스 끌려가 군사훈련""",세계
" 주벨기에 한국문화원, 브리쉘 개선문서 '미디어 파사드' 전시",세계
" 조수미, 브뤼셀 개선문서 '부산엑스포 유치' 공연",세계
" 조수미, 브뤼셀 개선문서 '부산엑스포 유치' 공연",세계
" [이·팔 전쟁] 교황청 2인자 ""어떤 이유로도 병원 공격 안돼""",세계
 이스라엘군 서안지구 제닌 공습에 최소 5명 사망,세계
 가자 통신시스템 이틀째 중단…인도주의 물품공급도 중단[이-팔 전쟁],세계
" 하마스에 나체로 끌려간 여성 母 ""내 딸 죽인 그 놈 죽었다""",세계
" 사우디 ""이스라엘, 민간인·의료진 노골적 공격""",세계
" 이스라엘군 ""하마스에 인질로 잡혔다 숨진 여군 시신 발견""",세계
" ""예산 절감""…공무원 해외출장 전면 금지한 말라위",세계
" [영상] 독일, 이슬람 단체 54개 전격 압수수색…""헤즈볼라 불법 지원""",세계
" 이스라엘군 ""하마스에 납치됐다가 숨진 19세 여군 시신 발견""",세계
" 네타냐후, 인질 협상 진전 ""더 가까워졌다""…시신 추가 수습(종합2보)[이-팔 전쟁]",세계
" 이스라엘, 하마스 땅굴에 개·로봇 투입…""인력 손실 최소화""",세계
" '방북' 러 장관 ""北과 식량수출·지질조사 논의""",세계
" 몬테네그로 법원, '여권 위조' 권도형에 2심서도 징역 4개월",세계
동영상기사,세계
" “한국인, 러시아 입대”…러시아 체제 선전술?",세계
" 몬테네그로法, ‘여권 위조’ 권도형에 2심서도 징역 4개월",세계
동영상기사,세계
 무기 거래 없다더니…러시아군 “北 무기 고마워”,세계
" 교황, 폭스바겐 손잡고 전기차로 갈아탄다...“모든 공용차 2030년까지 교체”",세계
동영상기사,세계
 이스라엘군 “지상전 다음 단계 돌입”…남부 진격 시사,세계
 이란 “미국에 ‘확전 원치 않는다’ 메시지 전달”,세계
" 달팽이요리 사랑 프랑스, 달팽이 지키려 트램공사 중단",세계
